Workbook
Name \A: #REF!
Name \i: #N/A
Name \M: #REF!
Name \P: #REF!
Name \q: #REF!
Name \s: #N/A
Name \W: #REF!
Name \x: #REF!
Name _: [0]!galian TANAH
Name _: [0]!galian TANAH
Name _: galian TANAH
Name ____________________________________________________________________________________________A16500: #REF!
Name __________________________________________________________________________________________A16500: #REF!
Name ________________________________________________________________________________________A16500: #REF!
Name ______________________________________________________________________________________A16500: #REF!
Name ____________________________________________________________________________________A16500: #REF!
Name __________________________________________________________________________________A16500: #REF!
Name ________________________________________________________________________________A16500: #REF!
Name ______________________________________________________________________________A16500: #REF!
Name ____________________________________________________________________________A16500: #REF!
Name __________________________________________________________________________A16500: #REF!
Name ___________________________________________________________________A16500: #REF!
Name ____________________________________________________________A16500: #REF!
Name ________________________________________________________A16500: #REF!
Name _____________________________________________________A16500: #REF!
Name _________________________________________________A16500: #REF!
Name ___________________________________________A16500: #REF!
Name __________________________________________arr3: {"Book1","4.09 FLORA DAN FAUNA.xls","4.22 PERLENGKAPAN SEKOLAH.xls"}
Name __________________________________________arr3: {"Book1","4.09 FLORA DAN FAUNA.xls","4.22 PERLENGKAPAN SEKOLAH.xls"}
Name __________________________________________mas1: {"Book1","4.09 FLORA DAN FAUNA.xls","4.22 PERLENGKAPAN SEKOLAH.xls"}
Name __________________________________________mas1: {"Book1","4.09 FLORA DAN FAUNA.xls","4.22 PERLENGKAPAN SEKOLAH.xls"}
Name __________________________________________mas12: {"Book1","4.09 FLORA DAN FAUNA.xls","4.22 PERLENGKAPAN SEKOLAH.xls"}
Name __________________________________________mas12: {"Book1","4.09 FLORA DAN FAUNA.xls","4.22 PERLENGKAPAN SEKOLAH.xls"}
Name __________________________________________mas4: {"Book1","4.09 FLORA DAN FAUNA.xls","4.22 PERLENGKAPAN SEKOLAH.xls"}
Name __________________________________________mas4: {"Book1","4.09 FLORA DAN FAUNA.xls","4.22 PERLENGKAPAN SEKOLAH.xls"}
Name __________________________________________mas5: {"Book1","4.09 FLORA DAN FAUNA.xls","4.22 PERLENGKAPAN SEKOLAH.xls"}
Name __________________________________________mas5: {"Book1","4.09 FLORA DAN FAUNA.xls","4.22 PERLENGKAPAN SEKOLAH.xls"}
Name __________________________________________mas6: {"Book1","4.09 FLORA DAN FAUNA.xls","4.22 PERLENGKAPAN SEKOLAH.xls"}
Name __________________________________________mas6: {"Book1","4.09 FLORA DAN FAUNA.xls","4.22 PERLENGKAPAN SEKOLAH.xls"}
Name __________________________________________mas7: {"Book1","4.09 FLORA DAN FAUNA.xls","4.22 PERLENGKAPAN SEKOLAH.xls"}
Name __________________________________________mas7: {"Book1","4.09 FLORA DAN FAUNA.xls","4.22 PERLENGKAPAN SEKOLAH.xls"}
Name __________________________________________mas8: {"Book1","4.09 FLORA DAN FAUNA.xls","4.22 PERLENGKAPAN SEKOLAH.xls"}
Name __________________________________________mas8: {"Book1","4.09 FLORA DAN FAUNA.xls","4.22 PERLENGKAPAN SEKOLAH.xls"}
Name __________________________________________mas9: {"Book1","4.09 FLORA DAN FAUNA.xls","4.22 PERLENGKAPAN SEKOLAH.xls"}
Name __________________________________________mas9: {"Book1","4.09 FLORA DAN FAUNA.xls","4.22 PERLENGKAPAN SEKOLAH.xls"}
Name __________________________________________me1: {"Book1","4.09 FLORA DAN FAUNA.xls","4.22 PERLENGKAPAN SEKOLAH.xls"}
Name __________________________________________me1: {"Book1","4.09 FLORA DAN FAUNA.xls","4.22 PERLENGKAPAN SEKOLAH.xls"}
Name __________________________________________me2: {"Book1","4.09 FLORA DAN FAUNA.xls","4.22 PERLENGKAPAN SEKOLAH.xls"}
Name __________________________________________me2: {"Book1","4.09 FLORA DAN FAUNA.xls","4.22 PERLENGKAPAN SEKOLAH.xls"}
Name __________________________________________me3: {"Book1","4.09 FLORA DAN FAUNA.xls","4.22 PERLENGKAPAN SEKOLAH.xls"}
Name __________________________________________me3: {"Book1","4.09 FLORA DAN FAUNA.xls","4.22 PERLENGKAPAN SEKOLAH.xls"}
Name __________________________________________me4: {"Book1","4.09 FLORA DAN FAUNA.xls","4.22 PERLENGKAPAN SEKOLAH.xls"}
Name __________________________________________me4: {"Book1","4.09 FLORA DAN FAUNA.xls","4.22 PERLENGKAPAN SEKOLAH.xls"}
Name __________________________________________me5: {"Book1","4.09 FLORA DAN FAUNA.xls","4.22 PERLENGKAPAN SEKOLAH.xls"}
Name __________________________________________me5: {"Book1","4.09 FLORA DAN FAUNA.xls","4.22 PERLENGKAPAN SEKOLAH.xls"}
Name __________________________________________mek3: {"Book1","4.09 FLORA DAN FAUNA.xls","4.22 PERLENGKAPAN SEKOLAH.xls"}
Name __________________________________________mek3: {"Book1","4.09 FLORA DAN FAUNA.xls","4.22 PERLENGKAPAN SEKOLAH.xls"}
Name __________________________________________mek5: {"Book1","4.09 FLORA DAN FAUNA.xls","4.22 PERLENGKAPAN SEKOLAH.xls"}
Name __________________________________________mek5: {"Book1","4.09 FLORA DAN FAUNA.xls","4.22 PERLENGKAPAN SEKOLAH.xls"}
Name _________________________________________arr3: {"Book1","4.09 FLORA DAN FAUNA.xls","4.22 PERLENGKAPAN SEKOLAH.xls"}

Sheet REKAP Tot
A2: REKAPITULASI RENCANA ANGGARAN BIAYA ( RAB )
A4: ='RAB GIK UGM'!A2 -> Pekerjaan | C4: ='RAB GIK UGM'!C2 -> : Pembangunan Gedung Gelanggang Inovasi dan Kreativitas (GIK) UGM Tahap II
A5: ='RAB GIK UGM'!A3 -> Lokasi | C5: ='RAB GIK UGM'!C3 -> : Jl. Pancasila No. 1, Blimbing Sari, Caturtunggal, Kec. Depok, Kabupaten Sleman, Daerah Istimewa Yogyakarta
A6: ='RAB GIK UGM'!A4 -> Sumber Dana | C6: ='RAB GIK UGM'!C4 -> : APBN
A7: ='RAB GIK UGM'!A5 -> Tahun Anggaran | C7: ='RAB GIK UGM'!C5 -> : Tahun Jamak (MYC) 2025 - 2026
A9: No. | C9: URAIAN PEKERJAAN | E9: JUMLAH HARGA
A10: 1 | C10: 2 | E10: 3
B11: A | C11: ='RAB GIK UGM'!C9 -> MATA PEMBAYARAN UMUM
C12: ='RAB GIK UGM'!C10 -> PEKERJAAN PERSIAPAN | E12: =SUM('RAB GIK UGM'!G11:G15) -> 3.1605755e+08
B13: B | C13: ='RAB GIK UGM'!C16 -> MATA PEMBAYARAN PERKIRAAN BIAYA PENERAPAN SMKKK | E13: =SUM('RAB GIK UGM'!G18:G86) -> 9.8203084e+08
A14: C | C14: ='RAB GIK UGM'!C87 -> MATA PEMBAYARAN PEKERJAAN UTAMA
C15: ='RAB GIK UGM'!C88 -> PEKERJAAN STRUKTUR | E15: =SUM('RAB GIK UGM'!G91:G139) -> 2.9049803e+09
C16: PEKERJAAN ARSITEKTUR | E16: =SUM('RAB GIK UGM'!G143:G245) -> 2.6502056e+10
C17: PEKERJAAN MEP | E17: =SUM('RAB GIK UGM'!G250:G1300) -> 1.1248593e+11
D19: JUMLAH | E19: =SUM(E12:E18) -> 1.4319106e+11 | F19: 196224783000
D20: PPN 11 % | E20: =E19*0.11 -> 1.5751016e+10
D21: JUMLAH TOTAL | E21: =SUM(E19:E20) -> 1.5894207e+11
D22: PEMBULATAN | E22: =INT(E21/10000)*10000 -> 158942070000 | F22: =E21/F19*100 -> 81 | G22: %
A23: Terbilang : | C23: =B48 -> Seratus Lima Puluh Delapan Milyar Sembilan Ratus Empat Puluh Dua Juta Tujuh Puluh Ribu Rupiah
D26: Semarang, 27 November 2025
D27: Penawar
D28: PT. SINAR CERAH SEMPURNA
D33: Ir H SOEHARTO, MT
D34: Direktur
B48: =PROPER(CONCATENATE("",IF(VALUE(B50)>0,CONCATENATE(C50,D50,"trilyun "),""),IF(VALUE(B51)>0,CONCATENATE(C51,D51,"milyar "),""),IF(VALUE(B52)>0,CONCATENATE(C52,D52,"juta "),""),IF(VALUE(B53)>0,CONCATENATE(C53,D53,"ribu "),""),C54,D54,IF(LEN(B55)>0,CONCATENATE(IF(B50+B51+B52+B53+B54=0,"nol koma ","koma "),C55),C55),IF(AND(LEN(B55)=0,B50+B51+B52+B53+B54=0),"","rupiah "))) -> Seratus Lima Puluh Delapan Milyar Sembilan Ratus Empat Puluh Dua Juta Tujuh Puluh Ribu Rupiah
B49: =E22 -> 158942070000
B50: =IF(LEN(RIGHT(INT(B49/1000000000000),3))<3,CONCATENATE(0,RIGHT(INT(B49/1000000000000),3)),RIGHT(INT(B49/1000000000000),3)) -> 00 | C50: =IF(LEN(VALUE(B50))=3,CONCATENATE(VLOOKUP(VALUE(LEFT(B50,1)),B56:C65,2),"ratus "),"") | D50: =IF(AND(VALUE(LEFT(RIGHT(B50,2),1))=1,VALUE(RIGHT(B50,1))>0),CONCATENATE(VLOOKUP(VALUE(RIGHT(B50,1)),B57:C65,2),"belas "),IF(VALUE(LEFT(RIGHT(B50,2),1))=0,VLOOKUP(VALUE(RIGHT(B50,1)),B56:D65,3),CONCATENATE(VLOOKUP(VALUE(LEFT(RIGHT(B50,2),1)),B57:C65,2),"puluh ",VLOOKUP(VALUE(RIGHT(B50,1)),B56:D65,3))))
B51: =IF(LEN(RIGHT(INT(B49/1000000000),3))<3,CONCATENATE(0,RIGHT(INT(B49/1000000000),3)),RIGHT(INT(B49/1000000000),3)) -> 158 | C51: =IF(LEN(VALUE(B51))=3,CONCATENATE(VLOOKUP(VALUE(LEFT(B51,1)),B56:C65,2),"ratus "),"") -> seratus | D51: =IF(AND(VALUE(LEFT(RIGHT(B51,2),1))=1,VALUE(RIGHT(B51,1))>0),CONCATENATE(VLOOKUP(VALUE(RIGHT(B51,1)),B57:C65,2),"belas "),IF(VALUE(LEFT(RIGHT(B51,2),1))=0,VLOOKUP(VALUE(RIGHT(B51,1)),B56:D65,3),CONCATENATE(VLOOKUP(VALUE(LEFT(RIGHT(B51,2),1)),B57:C65,2),"puluh ",VLOOKUP(VALUE(RIGHT(B51,1)),B56:D65,3)))) -> lima puluh delapan
B52: =IF(LEN(RIGHT(INT(B49/1000000),3))<3,CONCATENATE(0,RIGHT(INT(B49/1000000),3)),RIGHT(INT(B49/1000000),3)) -> 942 | C52: =IF(LEN(VALUE(B52))=3,CONCATENATE(VLOOKUP(VALUE(LEFT(B52,1)),B56:C65,2),"ratus "),"") -> sembilan ratus | D52: =IF(AND(VALUE(LEFT(RIGHT(B52,2),1))=1,VALUE(RIGHT(B52,1))>0),CONCATENATE(VLOOKUP(VALUE(RIGHT(B52,1)),B57:C65,2),"belas "),IF(VALUE(LEFT(RIGHT(B52,2),1))=0,VLOOKUP(VALUE(RIGHT(B52,1)),B56:D65,3),CONCATENATE(VLOOKUP(VALUE(LEFT(RIGHT(B52,2),1)),B57:C65,2),"puluh ",VLOOKUP(VALUE(RIGHT(B52,1)),B56:D65,3)))) -> empat puluh dua
B53: =IF(LEN(RIGHT(INT(B49/1000),3))<3,CONCATENATE(0,RIGHT(INT(B49/1000),3)),RIGHT(INT(B49/1000),3)) -> 070 | C53: =IF(LEN(VALUE(B53))=3,CONCATENATE(VLOOKUP(VALUE(LEFT(B53,1)),B56:C65,2),"ratus "),"") | D53: =IF(AND(VALUE(LEFT(RIGHT(B53,2),1))=1,VALUE(RIGHT(B53,1))>0),CONCATENATE(VLOOKUP(VALUE(RIGHT(B53,1)),B57:C65,2),"belas "),IF(VALUE(LEFT(RIGHT(B53,2),1))=0,VLOOKUP(VALUE(RIGHT(B53,1)),B56:D65,3),CONCATENATE(VLOOKUP(VALUE(LEFT(RIGHT(B53,2),1)),B57:C65,2),"puluh ",VLOOKUP(VALUE(RIGHT(B53,1)),B56:D65,3)))) -> tujuh puluh
B54: =IF(LEN(RIGHT(INT(B49),3))<3,CONCATENATE(0,RIGHT(INT(B49),3)),RIGHT(INT(B49),3)) -> 000 | C54: =IF(LEN(VALUE(B54))=3,CONCATENATE(VLOOKUP(VALUE(LEFT(B54,1)),B56:C65,2),"ratus "),"") | D54: =IF(AND(VALUE(LEFT(RIGHT(B54,2),1))=1,VALUE(RIGHT(B54,1))>0),CONCATENATE(VLOOKUP(VALUE(RIGHT(B54,1)),B57:C65,2),"belas "),IF(VALUE(LEFT(RIGHT(B54,2),1))=0,VLOOKUP(VALUE(RIGHT(B54,1)),B56:D65,3),CONCATENATE(VLOOKUP(VALUE(LEFT(RIGHT(B54,2),1)),B57:C65,2),"puluh ",VLOOKUP(VALUE(RIGHT(B54,1)),B56:D65,3))))
B55: =MID(ROUND((B49)-INT(B49),2),3,2) | C55: =IF(LEN(B55)=0,"",IF(AND(LEN(B55)=2,VALUE(LEFT(B55,1))=0),CONCATENATE("nol ",VLOOKUP(VALUE(RIGHT(B55,1)),B56:D65,3)),IF(LEN(B55)=1,VLOOKUP(VALUE(B55),B56:D65,3),IF(AND(LEN(B55)=2,VALUE(LEFT(B55,1))=1),CONCATENATE(VLOOKUP(VALUE(RIGHT(B55,1)),B56:C65,2),"belas "),CONCATENATE(VLOOKUP(VALUE(LEFT(B55,1)),B57:C65,2),"puluh ",VLOOKUP(VALUE(RIGHT(B55,1)),B57:D65,3))))))
B56: 0
B57: 1 | C57: se | D57: satu
B58: 2 | C58: dua | D58: dua
B59: 3 | C59: tiga | D59: tiga
B60: 4 | C60: empat | D60: empat
B61: 5 | C61: lima | D61: lima
B62: 6 | C62: enam | D62: enam
B63: 7 | C63: tujuh | D63: tujuh
B64: 8 | C64: delapan | D64: delapan
B65: 9 | C65: sembilan | D65: sembilan
D71: 100000000 | G71: =D71*H71/100 -> 240000 | H71: 0.24
D73: =D71 -> 100000000 | E73: 500000000 | G73: =(E73-D73)*H73/100 -> 760000 | H73: 0.19 | I73: =G71 -> 240000 | J73: =SUM(G73,I73) -> 1000000
D75: =E73 -> 500000000 | E75: 1000000000 | G75: =(E75-D75)*H75/100 -> 750000 | H75: 0.15 | I75: =J73 -> 1000000 | J75: =SUM(G75,I75) -> 1750000
D77: =E75 -> 1000000000 | E77: 5000000000 | G77: =(E77-D77)*H77/100 -> 4800000 | H77: 0.12 | I77: =J75 -> 1750000 | J77: =SUM(G77,I77) -> 6550000
D79: =E77 -> 5000000000 | E79: =E81*E82 -> 166791065550 | G79: =(E79-D79)*H79/100 -> 1.6179107e+08 | H79: 0.1 | I79: =J77 -> 6550000 | J79: =SUM(G79,I79) -> 1.6834107e+08
E81: 0.85
E82: =F19 -> 196224783000

Sheet SCHD
A2: TIME SCHEDULE / JADWAL WAKTU PELAKSANAAN
B3: ='RAB GIK UGM'!A2 -> Pekerjaan | E3: ='RAB GIK UGM'!C2 -> : Pembangunan Gedung Gelanggang Inovasi dan Kreativitas (GIK) UGM Tahap II
B4: ='RAB GIK UGM'!A3 -> Lokasi | E4: ='RAB GIK UGM'!C3 -> : Jl. Pancasila No. 1, Blimbing Sari, Caturtunggal, Kec. Depok, Kabupaten Sleman, Daerah Istimewa Yogyakarta
B5: ='RAB GIK UGM'!A4 -> Sumber Dana | E5: ='RAB GIK UGM'!C4 -> : APBN
B6: ='RAB GIK UGM'!A5 -> Tahun Anggaran | E6: ='RAB GIK UGM'!C5 -> : Tahun Jamak (MYC) 2025 - 2026
A8: NO | C8: URAIAN PEKERJAAN | H8: Nilai | I8: Waktu Pelaksanaan | BI8: PROSENTASE | BJ8: Ket
H9: Bobot | I9: Mg 1 | J9: Mg 2 | K9: Mg 3 | L9: Mg 4 | M9: Mg 5 | N9: Mg 6 | O9: Mg 7 | P9: Mg 8 | Q9: Mg 9 | R9: Mg 10 | S9: Mg 11 | T9: Mg 12 | U9: Mg 13 | V9: Mg 14 | W9: Mg 15 | X9: Mg 16 | Y9: Mg 17 | Z9: Mg 18 | AA9: Mg 19 | AB9: Mg 20 | AC9: Mg 21 | AD9: Mg 22 | AE9: Mg 23 | AF9: Mg 24 | AG9: Mg 25 | AH9: Mg 26 | AI9: Mg 27 | AJ9: Mg 28 | AK9: Mg 29 | AL9: Mg 30 | AM9: Mg 31 | AN9: Mg 32 | AO9: Mg 33 | AP9: Mg 34 | AQ9: Mg 35 | AR9: Mg 36 | AS9: Mg 37 | AT9: Mg 38 | AU9: Mg 39 | AV9: Mg 40 | AW9: Mg 41 | AX9: Mg 42 | AY9: Mg 43 | AZ9: Mg 44 | BA9: Mg 45 | BB9: Mg 46 | BC9: Mg 47 | BD9: Mg 48 | BE9: Mg 49 | BF9: Mg 50 | BG9: Mg 51 | BH9: Mg 52
H10: (%) | I10: 7 hr | J10: 7 hr | K10: 7 hr | L10: 7 hr | M10: 7 hr | N10: 7 hr | O10: 7 hr | P10: 7 hr | Q10: 7 hr | R10: 7 hr | S10: 7 hr | T10: 7 hr | U10: 7 hr | V10: 7 hr | W10: 7 hr | X10: 7 hr | Y10: 7 hr | Z10: 7 hr | AA10: 7 hr | AB10: 7 hr | AC10: 7 hr | AD10: 7 hr | AE10: 7 hr | AF10: 7 hr | AG10: 7 hr | AH10: 7 hr | AI10: 7 hr | AJ10: 7 hr | AK10: 7 hr | AL10: 7 hr | AM10: 7 hr | AN10: 7 hr | AO10: 7 hr | AP10: 7 hr | AQ10: 7 hr | AR10: 7 hr | AS10: 7 hr | AT10: 7 hr | AU10: 7 hr | AV10: 7 hr | AW10: 7 hr | AX10: 7 hr | AY10: 7 hr | AZ10: 7 hr | BA10: 7 hr | BB10: 7 hr | BC10: 7 hr | BD10: 7 hr | BE10: 7 hr | BF10: 7 hr | BG10: 7 hr | BH10: 3 hr
A11: 1 | C11: 2 | H11: 3 | I11: 4 | J11: 5 | K11: 6 | L11: 7 | M11: 8 | N11: 9 | O11: 10 | P11: 11 | Q11: 12 | R11: 13 | S11: 14 | T11: 15 | U11: 16 | V11: 17 | W11: 18 | X11: 19 | Y11: 20 | Z11: 21 | AA11: 22 | AB11: 23 | AC11: 24 | AD11: 25 | AE11: 26 | AF11: 27 | AG11: 28 | AH11: 29 | AI11: 30 | AJ11: 31 | AK11: 32 | AL11: 33 | AM11: 34 | AN11: 35 | AO11: 36 | AP11: 37 | AQ11: 38 | AR11: 39 | AS11: 40 | AT11: 41 | AU11: 42 | AV11: 43 | AW11: 44 | AX11: 45 | AY11: 46 | AZ11: 47 | BA11: 48 | BB11: 49 | BC11: 50 | BD11: 51 | BE11: 52 | BF11: 53 | BG11: 54 | BH11: 55 | BI11: 56 | BJ11: 57
BI12: 1 | BJ12: Jangka waktu pelaksanaan 360 (tiga ratus enam puluh ) hari kalender , Jangka waktu pemeliharaan 180 (seratus delapan puluh ) hari kalender
B13: ='RAB GIK UGM'!A9 -> A. | C13: ='RAB GIK UGM'!C9 -> MATA PEMBAYARAN UMUM | BL13: =SUM(I13:BH13)-H13 -> 0
C14: ='RAB GIK UGM'!C10 -> PEKERJAAN PERSIAPAN | G14: =SUM('RAB GIK UGM'!G11:G15) -> 3.1605755e+08 | H14: =G14/$G$75*100 -> 0.22072436 | I14: =H14/52 -> 0.0042446992 | J14: =I14 -> 0.0042446992 | K14: =J14 -> 0.0042446992 | L14: =K14 -> 0.0042446992 | M14: =L14 -> 0.0042446992 | N14: =M14 -> 0.0042446992 | O14: =N14 -> 0.0042446992 | P14: =O14 -> 0.0042446992 | Q14: =P14 -> 0.0042446992 | ... BH14: =BG14 -> 0.0042446992 | BL14: =SUM(I14:BH14)-H14 -> 0
B15: ='RAB GIK UGM'!A16 -> B. | C15: ='RAB GIK UGM'!C16 -> MATA PEMBAYARAN PERKIRAAN BIAYA PENERAPAN SMKKK | G15: =SUM('RAB GIK UGM'!G18:G86) -> 9.8203084e+08 | H15: =G15/$G$75*100 -> 0.68581855 | I15: =H15/52 -> 0.013188818 | J15: =I15 -> 0.013188818 | K15: =J15 -> 0.013188818 | L15: =K15 -> 0.013188818 | M15: =L15 -> 0.013188818 | N15: =M15 -> 0.013188818 | O15: =N15 -> 0.013188818 | P15: =O15 -> 0.013188818 | Q15: =P15 -> 0.013188818 | ... BH15: =BG15 -> 0.013188818 | BL15: =SUM(I15:BH15)-H15 -> 0
B16: ='RAB GIK UGM'!A87 -> C. | C16: ='RAB GIK UGM'!C87 -> MATA PEMBAYARAN PEKERJAAN UTAMA | H16: =G16/$G$75*100 -> 0 | BL16: =SUM(I16:BH16)-H16 -> 0
B17: ='RAB GIK UGM'!B88 -> I. | C17: ='RAB GIK UGM'!C88 -> PEKERJAAN STRUKTUR | H17: =G17/$G$75*100 -> 0 | BL17: =SUM(I17:BH17)-H17 -> 0
C18: ='RAB GIK UGM'!C90 -> RETAIL ROOF ZONA D | G18: =SUM('RAB GIK UGM'!G91:G102) -> 4.6433436e+08 | H18: =G18/$G$75*100 -> 0.32427609 | L18: =H18/3 -> 0.10809203 | M18: =L18 -> 0.10809203 | N18: =M18 -> 0.10809203 | BL18: =SUM(I18:BH18)-H18 -> 0
C19: ='RAB GIK UGM'!C103 -> RIGGING AUDITORIUM KECIL ZONA D | G19: =SUM('RAB GIK UGM'!G104:G107) -> 59111623 | H19: =G19/$G$75*100 -> 0.041281644 | M19: =H19/2 -> 0.020640822 | N19: =M19 -> 0.020640822 | BL19: =SUM(I19:BH19)-H19 -> 0
C20: ='RAB GIK UGM'!C108 -> ZONA F | H20: =G20/$G$75*100 -> 0 | BL20: =SUM(I20:BH20)-H20 -> 0
C21: ='RAB GIK UGM'!C109 -> AUDITORIUM BESAR ZONA F | G21: =SUM('RAB GIK UGM'!G111:G114) -> 2.2682657e+08 | H21: =G21/$G$75*100 -> 0.15840834 | O21: =H21/3 -> 0.052802779 | P21: =O21 -> 0.052802779 | Q21: =P21 -> 0.052802779 | BL21: =SUM(I21:BH21)-H21 -> 0
C22: ='RAB GIK UGM'!C115 -> Rigging Cyclorama, Forestage Bar I & II | G22: =SUM('RAB GIK UGM'!G116:G117) -> 32584685 | H22: =G22/$G$75*100 -> 0.022756089 | O22: =H22/3 -> 0.007585363 | P22: =O22 -> 0.007585363 | Q22: =P22 -> 0.007585363 | BL22: =SUM(I22:BH22)-H22 -> 0
C23: ='RAB GIK UGM'!C118 -> Side Bar Left & Right | G23: =SUM('RAB GIK UGM'!G119:G123) -> 1.5250822e+08 | H23: =G23/$G$75*100 -> 0.10650681 | Q23: =H23/3 -> 0.035502269 | R23: =Q23 -> 0.035502269 | S23: =R23 -> 0.035502269 | BL23: =SUM(I23:BH23)-H23 -> 0
C24: ='RAB GIK UGM'!C124 -> Rigging Main Curtain | G24: =SUM('RAB GIK UGM'!G125:G127) -> 2.5632249e+08 | H24: =G24/$G$75*100 -> 0.17900733 | R24: =H24/3 -> 0.05966911 | S24: =R24 -> 0.05966911 | T24: =S24 -> 0.05966911 | BL24: =SUM(I24:BH24)-H24 -> 0
C25: ='RAB GIK UGM'!C128 -> MEZZANINE RUANG FOH (Front of House) | G25: =SUM('RAB GIK UGM'!G129:G134) -> 2.1856374e+08 | H25: =G25/$G$75*100 -> 0.15263784 | R25: =H25/3 -> 0.05087928 | S25: =R25 -> 0.05087928 | T25: =S25 -> 0.05087928 | BL25: =SUM(I25:BH25)-H25 -> 0
C26: ='RAB GIK UGM'!C135 -> ZONA B | G26: =SUM('RAB GIK UGM'!G137:G139) -> 1.4947286e+09 | H26: =G26/$G$75*100 -> 1.0438701 | T26: =H26/3 -> 0.34795669 | U26: =T26 -> 0.34795669 | V26: =U26 -> 0.34795669 | BL26: =SUM(I26:BH26)-H26 -> 0
B27: ='RAB GIK UGM'!B140 -> II. | C27: ='RAB GIK UGM'!C140 -> PEKERJAAN ARSITEKTUR | H27: =G27/$G$75*100 -> 0 | BL27: =SUM(I27:BH27)-H27 -> 0
C28: ='RAB GIK UGM'!C141 -> 0. GENERAL | G28: =SUM('RAB GIK UGM'!G143:G144) -> 6.4367539e+08 | H28: =G28/$G$75*100 -> 0.44952206 | X28: =H28/6 -> 0.074920343 | Y28: =X28 -> 0.074920343 | Z28: =Y28 -> 0.074920343 | AA28: =Z28 -> 0.074920343 | AB28: =AA28 -> 0.074920343 | AC28: =AB28 -> 0.074920343 | BL28: =SUM(I28:BH28)-H28 -> 0
C29: ='RAB GIK UGM'!C145 -> TANGGA KEBAKARAN | G29: =SUM('RAB GIK UGM'!G147:G157) -> 1.1690487e+09 | H29: =G29/$G$75*100 -> 0.81642578 | N29: =H29/6 -> 0.13607096 | O29: =N29 -> 0.13607096 | P29: =O29 -> 0.13607096 | Q29: =P29 -> 0.13607096 | R29: =Q29 -> 0.13607096 | S29: =R29 -> 0.13607096 | BI29: 0.75 | BL29: =SUM(I29:BH29)-H29 -> 0
C30: TERITIS GRC dan LISTPLANK (ZONA EKS BOOKSTORE) | G30: =SUM('RAB GIK UGM'!G159:G160) -> 1.0403471e+09 | H30: =G30/$G$75*100 -> 0.72654474 | O30: =H30/6 -> 0.12109079 | P30: =O30 -> 0.12109079 | Q30: =P30 -> 0.12109079 | R30: =Q30 -> 0.12109079 | S30: =R30 -> 0.12109079 | T30: =S30 -> 0.12109079
C31: ='RAB GIK UGM'!C161 -> ZONA B | G31: =SUM('RAB GIK UGM'!G162:G164) -> 1.3929139e+09 | H31: =G31/$G$75*100 -> 0.97276598 | P31: =H31/6 -> 0.16212766 | Q31: =P31 -> 0.16212766 | R31: =Q31 -> 0.16212766 | S31: =R31 -> 0.16212766 | T31: =S31 -> 0.16212766 | U31: =T31 -> 0.16212766 | BL31: =SUM(I31:BH31)-H31 -> 0
C32: ='RAB GIK UGM'!C165 -> ZONA D | G32: =SUM('RAB GIK UGM'!G167:G178) -> 2.779894e+09 | H32: =G32/$G$75*100 -> 1.941388 | R32: =H32/6 -> 0.32356466 | S32: =R32 -> 0.32356466 | T32: =S32 -> 0.32356466 | U32: =T32 -> 0.32356466 | V32: =U32 -> 0.32356466 | W32: =V32 -> 0.32356466 | BL32: =SUM(I32:BH32)-H32 -> 0
C33: ='RAB GIK UGM'!C179 -> Kanopi Void Ramp Putar Zona D | G33: =SUM('RAB GIK UGM'!G180:G197) -> 4.5687137e+09 | H33: =G33/$G$75*100 -> 3.1906417 | T33: =H33/6 -> 0.53177362 | U33: =T33 -> 0.53177362 | V33: =U33 -> 0.53177362 | W33: =V33 -> 0.53177362 | X33: =W33 -> 0.53177362 | Y33: =X33 -> 0.53177362 | BL33: =SUM(I33:BH33)-H33 -> 0
C34: ='RAB GIK UGM'!C198 -> ZONA F | G34: =SUM('RAB GIK UGM'!G200:G217) -> 1.0464988e+10 | H34: =G34/$G$75*100 -> 7.3084087 | AD34: =H34/15 -> 0.48722725 | AE34: =AD34 -> 0.48722725 | AF34: =AE34 -> 0.48722725 | AG34: =AF34 -> 0.48722725 | AH34: =AG34 -> 0.48722725 | AI34: =AH34 -> 0.48722725 | AJ34: =AI34 -> 0.48722725 | AK34: =AJ34 -> 0.48722725 | AL34: =AK34 -> 0.48722725 | ... AR34: =AQ34 -> 0.48722725 | BL34: =SUM(I34:BH34)-H34 -> 0
C35: ='RAB GIK UGM'!$C$218 -> ZONA BNI | G35: =SUM('RAB GIK UGM'!G219:G222) -> 6.2415312e+08 | H35: =G35/$G$75*100 -> 0.43588834 | X35: =H35/6 -> 0.072648056 | Y35: =X35 -> 0.072648056 | Z35: =Y35 -> 0.072648056 | AA35: =Z35 -> 0.072648056 | AB35: =AA35 -> 0.072648056 | AC35: =AB35 -> 0.072648056 | BL35: =SUM(I35:BH35)-H35 -> 0
C36: ='RAB GIK UGM'!C223 -> TAMBAHAN BARU/ PRASARANA PENDUKUNG PENGELOLAAN | G36: =SUM('RAB GIK UGM'!G224:G243) -> 2.9443224e+09 | H36: =G36/$G$75*100 -> 2.0562194 | Z36: =H36/6 -> 0.34270324 | AA36: =Z36 -> 0.34270324 | AB36: =AA36 -> 0.34270324 | AC36: =AB36 -> 0.34270324 | AD36: =AC36 -> 0.34270324 | AE36: =AD36 -> 0.34270324 | BL36: =SUM(I36:BH36)-H36 -> 0
C37: ='RAB GIK UGM'!C244 -> ROOFTOP | G37: =SUM('RAB GIK UGM'!G245) -> 874000000 | H37: =G37/$G$75*100 -> 0.61037331 | AB37: =H37/6 -> 0.10172889 | AC37: =AB37 -> 0.10172889 | AD37: =AC37 -> 0.10172889 | AE37: =AD37 -> 0.10172889 | AF37: =AE37 -> 0.10172889 | AG37: =AF37 -> 0.10172889 | BL37: =SUM(I37:BH37)-H37 -> 0
B38: ='RAB GIK UGM'!B246 -> III. | C38: ='RAB GIK UGM'!C246 -> PEKERJAAN ELEKTRIKAL DAN ELEKTRONIKA | H38: =G38/$G$75*100 -> 0 | BL38: =SUM(I38:BH38)-H38 -> 0
C39: ='RAB GIK UGM'!C247 -> SUMBER DAYA DAN DISTRIBUSI | H39: =G39/$G$75*100 -> 0 | BL39: =SUM(I39:BH39)-H39 -> 0
C40: ='RAB GIK UGM'!C248 -> SUPPLY DAYA FAN | G40: =SUM('RAB GIK UGM'!G250:G266) -> 33578147 | H40: =G40/$G$75*100 -> 0.023449891 | AN40: =H40/5 -> 0.0046899782 | AO40: =AN40 -> 0.0046899782 | AP40: =AO40 -> 0.0046899782 | AQ40: =AP40 -> 0.0046899782 | AR40: =AQ40 -> 0.0046899782 | BL40: =SUM(I40:BH40)-H40 -> 0
C41: ='RAB GIK UGM'!C267 -> ACTIVE HARMONIC FILTER (AHF) | G41: =SUM('RAB GIK UGM'!G269:G282) -> 894113880 | H41: =G41/$G$75*100 -> 0.62442019 | AP41: =H41/5 -> 0.12488404 | AQ41: =AP41 -> 0.12488404 | AR41: =AQ41 -> 0.12488404 | AS41: =AR41 -> 0.12488404 | AT41: =AS41 -> 0.12488404 | BL41: =SUM(I41:BH41)-H41 -> 0
C42: ='RAB GIK UGM'!C283 -> INSTALASI GENSET | G42: =SUM('RAB GIK UGM'!G285:G344) -> 1.5362531e+10 | H42: =G42/$G$75*100 -> 10.728694 | AR42: =H42/10 -> 1.0728694 | AS42: =AR42 -> 1.0728694 | AT42: =AS42 -> 1.0728694 | AU42: =AT42 -> 1.0728694 | AV42: =AU42 -> 1.0728694 | AW42: =AV42 -> 1.0728694 | AX42: =AW42 -> 1.0728694 | AY42: =AX42 -> 1.0728694 | AZ42: =AY42 -> 1.0728694 | BA42: =AZ42 -> 1.0728694 | BL42: =SUM(I42:BH42)-H42 -> 0
C43: ='RAB GIK UGM'!C345 -> PENYESUAIAN PANEL EKSISTING | G43: =SUM('RAB GIK UGM'!G347:G533) -> 1.7863056e+09 | H43: =G43/$G$75*100 -> 1.247498 | AS43: =H43/5 -> 0.2494996 | AT43: =AS43 -> 0.2494996 | AU43: =AT43 -> 0.2494996 | AV43: =AU43 -> 0.2494996 | AW43: =AV43 -> 0.2494996 | BL43: =SUM(I43:BH43)-H43 -> 0
C44: ='RAB GIK UGM'!C534 -> PENAMBAHAN KABEL TENANT | G44: =SUM('RAB GIK UGM'!G535:G602) -> 2.2860691e+09 | H44: =G44/$G$75*100 -> 1.5965166 | AU44: =H44/5 -> 0.31930333 | AV44: =AU44 -> 0.31930333 | AW44: =AV44 -> 0.31930333 | AX44: =AW44 -> 0.31930333 | AY44: =AX44 -> 0.31930333 | BL44: =SUM(I44:BH44)-H44 -> 0
C45: ='RAB GIK UGM'!C603 -> PANEL DAN KABEL FEEDER LIFT | G45: =SUM('RAB GIK UGM'!G605:G673) -> 5.6079902e+08 | H45: =G45/$G$75*100 -> 0.39164389 | AX45: =H45/5 -> 0.078328777 | AY45: =AX45 -> 0.078328777 | AZ45: =AY45 -> 0.078328777 | BA45: =AZ45 -> 0.078328777 | BB45: =BA45 -> 0.078328777 | BI45: 0.5 | BL45: =SUM(I45:BH45)-H45 -> 0
C46: ='RAB GIK UGM'!C674 -> PENERANGAN DAN KOTAK KONTAK | H46: =G46/$G$75*100 -> 0 | BL46: =SUM(I46:BH46)-H46 -> 0
C47: ='RAB GIK UGM'!C675 -> PENERANGAN ZONA A | G47: =SUM('RAB GIK UGM'!G677:G690) -> 446913087 | H47: =G47/$G$75*100 -> 0.31210963 | W47: =H47/6 -> 0.052018272 | X47: =W47 -> 0.052018272 | Y47: =X47 -> 0.052018272 | Z47: =Y47 -> 0.052018272 | AA47: =Z47 -> 0.052018272 | AB47: =AA47 -> 0.052018272 | BL47: =SUM(I47:BH47)-H47 -> 0
C48: ='RAB GIK UGM'!C691 -> PENERANGAN ZONA B | G48: =SUM('RAB GIK UGM'!G693:G701) -> 170596528 | H48: =G48/$G$75*100 -> 0.11913909 | W48: =H48/6 -> 0.019856516 | X48: =W48 -> 0.019856516 | Y48: =X48 -> 0.019856516 | Z48: =Y48 -> 0.019856516 | AA48: =Z48 -> 0.019856516 | AB48: =AA48 -> 0.019856516 | BL48: =SUM(I48:BH48)-H48 -> 0
C49: ='RAB GIK UGM'!C702 -> PENERANGAN ZONA C | G49: =SUM('RAB GIK UGM'!G704:G712) -> 408314740 | H49: =G49/$G$75*100 -> 0.2851538 | W49: =H49/6 -> 0.047525633 | X49: =W49 -> 0.047525633 | Y49: =X49 -> 0.047525633 | Z49: =Y49 -> 0.047525633 | AA49: =Z49 -> 0.047525633 | AB49: =AA49 -> 0.047525633 | BL49: =SUM(I49:BH49)-H49 -> 0
C50: ='RAB GIK UGM'!C713 -> PENERANGAN ZONA D | G50: =SUM('RAB GIK UGM'!G715:G723) -> 153564361 | H50: =G50/$G$75*100 -> 0.10724438 | W50: =H50/6 -> 0.017874063 | X50: =W50 -> 0.017874063 | Y50: =X50 -> 0.017874063 | Z50: =Y50 -> 0.017874063 | AA50: =Z50 -> 0.017874063 | AB50: =AA50 -> 0.017874063 | BL50: =SUM(I50:BH50)-H50 -> 0
C51: ='RAB GIK UGM'!C724 -> PENERANGAN ZONA F | G51: =SUM('RAB GIK UGM'!G726:G741) -> 899872393 | H51: =G51/$G$75*100 -> 0.62844175 | W51: =H51/6 -> 0.10474029 | X51: =W51 -> 0.10474029 | Y51: =X51 -> 0.10474029 | Z51: =Y51 -> 0.10474029 | AA51: =Z51 -> 0.10474029 | AB51: =AA51 -> 0.10474029 | BL51: =SUM(I51:BH51)-H51 -> 0
C52: ='RAB GIK UGM'!C743 -> ELEKTRONIKA | H52: =G52/$G$75*100 -> 0 | BL52: =SUM(I52:BH52)-H52 -> 0
C53: ='RAB GIK UGM'!C744 -> TELEPON | G53: =SUM('RAB GIK UGM'!G745:G787) -> 866073600 | H53: =G53/$G$75*100 -> 0.60483777 | X53: =H53/6 -> 0.10080629 | Y53: =X53 -> 0.10080629 | Z53: =Y53 -> 0.10080629 | AA53: =Z53 -> 0.10080629 | AB53: =AA53 -> 0.10080629 | AC53: =AB53 -> 0.10080629 | BL53: =SUM(I53:BH53)-H53 -> 0
C54: ='RAB GIK UGM'!C788 -> PROYEKTOR | G54: =SUM('RAB GIK UGM'!G789:G850) -> 1.1409692e+10 | H54: =G54/$G$75*100 -> 7.9681599 | AC54: =H54/9 -> 0.8853511 | AD54: =AC54 -> 0.8853511 | AE54: =AD54 -> 0.8853511 | AF54: =AE54 -> 0.8853511 | AG54: =AF54 -> 0.8853511 | AH54: =AG54 -> 0.8853511 | AI54: =AH54 -> 0.8853511 | AJ54: =AI54 -> 0.8853511 | AK54: =AJ54 -> 0.8853511 | BL54: =SUM(I54:BH54)-H54 -> 0
C55: ='RAB GIK UGM'!C851 -> SPECIAL LIGHTING DAN PROFESSIONAL SOUND SYSTEM | H55: =G55/$G$75*100 -> 0 | BL55: =SUM(I55:BH55)-H55 -> 0
C56: ='RAB GIK UGM'!C852 -> SPECIAL LIGHTING SPORT HALL | G56: =SUM('RAB GIK UGM'!G854:G864) -> 1684054788 | H56: =G56/$G$75*100 -> 1.1760894 | X56: =H56/6 -> 0.19601489 | Y56: =X56 -> 0.19601489 | Z56: =Y56 -> 0.19601489 | AA56: =Z56 -> 0.19601489 | AB56: =AA56 -> 0.19601489 | AC56: =AB56 -> 0.19601489 | BL56: =SUM(I56:BH56)-H56 -> 0
C57: ='RAB GIK UGM'!C865 -> SOUND SYSTEM AUDITORIUM BESAR | G57: =SUM('RAB GIK UGM'!G866:G891) -> 4012508808 | H57: =G57/$G$75*100 -> 2.8022063 | X57: =H57/6 -> 0.46703438 | Y57: =X57 -> 0.46703438 | Z57: =Y57 -> 0.46703438 | AA57: =Z57 -> 0.46703438 | AB57: =AA57 -> 0.46703438 | AC57: =AB57 -> 0.46703438 | BL57: =SUM(I57:BH57)-H57 -> 0
C58: ='RAB GIK UGM'!C892 -> STASIUN PENGISIAN KENDARAAN LISTRIK UMUM (SPKLU) | G58: =SUM('RAB GIK UGM'!G893:G896) -> 1.8189558e+10 | H58: =G58/$G$75*100 -> 12.702999 | AD58: =H58/15 -> 0.84686659 | AE58: =AD58 -> 0.84686659 | AF58: =AE58 -> 0.84686659 | AG58: =AF58 -> 0.84686659 | AH58: =AG58 -> 0.84686659 | AI58: =AH58 -> 0.84686659 | AJ58: =AI58 -> 0.84686659 | AK58: =AJ58 -> 0.84686659 | AL58: =AK58 -> 0.84686659 | ... AR58: =AQ58 -> 0.84686659 | BL58: =SUM(I58:BH58)-H58 -> 0
C59: ='RAB GIK UGM'!C897 -> TV INTYERACTIVE RUANG KELAS ZONA C | G59: =SUM('RAB GIK UGM'!G898:G903) -> 16548714000 | H59: =G59/$G$75*100 -> 11.557086 | AS59: =H59/15 -> 0.77047241 | AT59: =AS59 -> 0.77047241 | AU59: =AT59 -> 0.77047241 | AV59: =AU59 -> 0.77047241 | AW59: =AV59 -> 0.77047241 | AX59: =AW59 -> 0.77047241 | AY59: =AX59 -> 0.77047241 | AZ59: =AY59 -> 0.77047241 | BA59: =AZ59 -> 0.77047241 | ... BG59: =BF59 -> 0.77047241 | BL59: =SUM(I59:BH59)-H59 -> 0
C60: ='RAB GIK UGM'!C903 -> PEKERJAAN MEKANIKAL DAN PLAMBING | H60: =G60/$G$75*100 -> 0 | BL60: =SUM(I60:BH60)-H60 -> 0
C61: ='RAB GIK UGM'!C904 -> DATA CENTER EKS BNI | G61: =SUM('RAB GIK UGM'!G907:G949) -> 7413695365 | H61: =G61/$G$75*100 -> 5.1774849 | AL61: =H61/6 -> 0.86291415 | AM61: =AL61 -> 0.86291415 | AN61: =AM61 -> 0.86291415 | AO61: =AN61 -> 0.86291415 | AP61: =AO61 -> 0.86291415 | AQ61: =AP61 -> 0.86291415 | BI61: 0.25 | BL61: =SUM(I61:BH61)-H61 -> 0
C62: ='RAB GIK UGM'!C950 -> PLAMBING LANTAI ATAP | G62: =SUM('RAB GIK UGM'!G952:G1024) -> 2.0278499e+09 | H62: =G62/$G$75*100 -> 1.4161847 | AP62: =H62/5 -> 0.28323695 | AQ62: =AP62 -> 0.28323695 | AR62: =AQ62 -> 0.28323695 | AS62: =AR62 -> 0.28323695 | AT62: =AS62 -> 0.28323695 | BL62: =SUM(I62:BH62)-H62 -> 0
C63: ='RAB GIK UGM'!C1025 -> PENGADAAN LIFT | G63: =SUM('RAB GIK UGM'!G1027:G1085) -> 4.9094008e+09 | H63: =G63/$G$75*100 -> 3.4285666 | AR63: =H63/5 -> 0.68571332 | AS63: =AR63 -> 0.68571332 | AT63: =AS63 -> 0.68571332 | AU63: =AT63 -> 0.68571332 | AV63: =AU63 -> 0.68571332 | BL63: =SUM(I63:BH63)-H63 -> 0
C64: ='RAB GIK UGM'!C1086 -> PEMIPAAN AIR BERSIH | G64: =SUM('RAB GIK UGM'!G1087:G1145) -> 2.45364e+09 | H64: =G64/$G$75*100 -> 1.7135428 | AU64: =H64/5 -> 0.34270856 | AV64: =AU64 -> 0.34270856 | AW64: =AV64 -> 0.34270856 | AX64: =AW64 -> 0.34270856 | AY64: =AX64 -> 0.34270856 | BL64: =SUM(I64:BH64)-H64 -> 0
C65: ='RAB GIK UGM'!C1146 -> INSTALASI GAS | G65: =SUM('RAB GIK UGM'!G1148:G1153) -> 1.7033177e+09 | H65: =G65/$G$75*100 -> 1.1895419 | AW65: =H65/5 -> 0.23790839 | AX65: =AW65 -> 0.23790839 | AY65: =AX65 -> 0.23790839 | AZ65: =AY65 -> 0.23790839 | BA65: =AZ65 -> 0.23790839 | BL65: =SUM(I65:BH65)-H65 -> 0
C66: ='RAB GIK UGM'!C1154 -> MATA PEMBAYARAN LAINNYA | H66: =G66/$G$75*100 -> 0 | BL66: =SUM(I66:BH66)-H66 -> 0
C67: ='RAB GIK UGM'!C1155 -> PEKERJAAN LANSEKAP | H67: =G67/$G$75*100 -> 0 | BL67: =SUM(I67:BH67)-H67 -> 0
C68: ='RAB GIK UGM'!C1156 -> HARDSCAPE | G68: =SUM('RAB GIK UGM'!G1157:G1178) -> 1.3091676e+09 | H68: =G68/$G$75*100 -> 0.9142803 | AS68: =H68/15 -> 0.06095202 | AT68: =AS68 -> 0.06095202 | AU68: =AT68 -> 0.06095202 | AV68: =AU68 -> 0.06095202 | AW68: =AV68 -> 0.06095202 | AX68: =AW68 -> 0.06095202 | AY68: =AX68 -> 0.06095202 | AZ68: =AY68 -> 0.06095202 | BA68: =AZ68 -> 0.06095202 | ... BG68: =BF68 -> 0.06095202 | BL68: =SUM(I68:BH68)-H68 -> 0
C69: ='RAB GIK UGM'!C1179 -> PEKERJAAN FURNITURE STANDAR | G69: =SUM('RAB GIK UGM'!G1181:G1238) -> 5.6737543e+09 | H69: =G69/$G$75*100 -> 3.9623664 | AS69: =H69/15 -> 0.26415776 | AT69: =AS69 -> 0.26415776 | AU69: =AT69 -> 0.26415776 | AV69: =AU69 -> 0.26415776 | AW69: =AV69 -> 0.26415776 | AX69: =AW69 -> 0.26415776 | AY69: =AX69 -> 0.26415776 | AZ69: =AY69 -> 0.26415776 | BA69: =AZ69 -> 0.26415776 | ... BG69: =BF69 -> 0.26415776 | BL69: =SUM(I69:BH69)-H69 -> 0
C70: ='RAB GIK UGM'!C1239 -> AUDITORIUM BESAR | G70: =SUM('RAB GIK UGM'!G1240:G1246) -> 389500000 | H70: =G70/$G$75*100 -> 0.27201419 | AS70: =H70/15 -> 0.01813428 | AT70: =AS70 -> 0.01813428 | AU70: =AT70 -> 0.01813428 | AV70: =AU70 -> 0.01813428 | AW70: =AV70 -> 0.01813428 | AX70: =AW70 -> 0.01813428 | AY70: =AX70 -> 0.01813428 | AZ70: =AY70 -> 0.01813428 | BA70: =AZ70 -> 0.01813428 | ... BG70: =BF70 -> 0.01813428 | BL70: =SUM(I70:BH70)-H70 -> 0
C71: ='RAB GIK UGM'!C1247 -> PEKERJAAN FURNITURE CUSTOM | H71: =G71/$G$75*100 -> 0 | BL71: =SUM(I71:BH71)-H71 -> 0
C72: ='RAB GIK UGM'!C1248 -> UGM SHOP | G72: =SUM('RAB GIK UGM'!G1249:G1258) -> 1.1725292e+09 | H72: =G72/$G$75*100 -> 0.81885647 | AS72: =H72/15 -> 0.054590431 | AT72: =AS72 -> 0.054590431 | AU72: =AT72 -> 0.054590431 | AV72: =AU72 -> 0.054590431 | AW72: =AV72 -> 0.054590431 | AX72: =AW72 -> 0.054590431 | AY72: =AX72 -> 0.054590431 | AZ72: =AY72 -> 0.054590431 | BA72: =AZ72 -> 0.054590431 | ... BG72: =BF72 -> 0.054590431 | BL72: =SUM(I72:BH72)-H72 -> 0
C73: ='RAB GIK UGM'!C1259 -> STUDENT CENTER | G73: =SUM('RAB GIK UGM'!G1260:G1299) -> 9.7198182e+09 | H73: =G73/$G$75*100 -> 6.7880064 | AS73: =H73/15 -> 0.45253376 | AT73: =AS73 -> 0.45253376 | AU73: =AT73 -> 0.45253376 | AV73: =AU73 -> 0.45253376 | AW73: =AV73 -> 0.45253376 | AX73: =AW73 -> 0.45253376 | AY73: =AX73 -> 0.45253376 | AZ73: =AY73 -> 0.45253376 | BA73: =AZ73 -> 0.45253376 | ... BG73: =BF73 -> 0.45253376 | BL73: =SUM(I73:BH73)-H73 -> 0
BI74: 0 | BL74: =SUM(I74:BH74)-H74 -> 0
F75: Rencana Progres Minggu ini | G75: =SUM(G13:G74) -> 1.4319106e+11 | H75: =SUM(H13:H74) -> 100 | I75: =SUM(I13:I74) -> 0.017433518 | J75: =SUM(J13:J74) -> 0.017433518 | K75: =SUM(K13:K74) -> 0.017433518 | L75: =SUM(L13:L74) -> 0.12552555 | M75: =SUM(M13:M74) -> 0.14616637 | N75: =SUM(N13:N74) -> 0.28223733 | ... BH75: =SUM(BH13:BH74) -> 0.017433518
F76: Rencana Progres Komulatif | G76: ='REKAP Tot'!E19 -> 1.4319106e+11 | H76: 0 | I76: =I75 -> 0.017433518 | J76: =I76+J75 -> 0.034867035 | K76: =J76+K75 -> 0.052300553 | L76: =K76+L75 -> 0.1778261 | M76: =L76+M75 -> 0.32399247 | N76: =M76+N75 -> 0.6062298 | O76: =N76+O75 -> 0.94121322 | P76: =O76+P75 -> 1.4383243 | Q76: =P76+Q75 -> 1.9709376 | ... BH76: =BG76+BH75 -> 100
F77: Realisasi Progres Minggu ini | G77: =G75-G76 -> 0
F78: Realisasi Progres Komulatif Tercapai
F79: Deviasi
BF84: ='REKAP Tot'!D26 -> Semarang, 27 November 2025
BF85: ='REKAP Tot'!D27 -> Penawar
BF86: ='REKAP Tot'!D28 -> PT. SINAR CERAH SEMPURNA
BF91: ='REKAP Tot'!D33 -> Ir H SOEHARTO, MT
BF92: ='REKAP Tot'!D34 -> Direktur
I121: =PROPER(CONCATENATE("",IF(VALUE(I123)>0,CONCATENATE(J123,K123,"trilyun "),""),IF(VALUE(I124)>0,CONCATENATE(J124,K124,"milyar "),""),IF(VALUE(I125)>0,CONCATENATE(J125,K125,"juta "),""),IF(VALUE(I126)>0,CONCATENATE(J126,K126,"ribu "),""),J127,K127,IF(LEN(I128)>0,CONCATENATE(IF(I123+I124+I125+I126+I127=0,"nol koma ","koma "),J128),J128),IF(AND(LEN(I128)=0,I123+I124+I125+I126+I127=0),"","rupiah ")))
I122: =H79 -> 0
I123: =IF(LEN(RIGHT(INT(I122/1000000000000),3))<3,CONCATENATE(0,RIGHT(INT(I122/1000000000000),3)),RIGHT(INT(I122/1000000000000),3)) -> 00 | J123: =IF(LEN(VALUE(I123))=3,CONCATENATE(VLOOKUP(VALUE(LEFT(I123,1)),I129:J138,2),"ratus "),"") | K123: =IF(AND(VALUE(LEFT(RIGHT(I123,2),1))=1,VALUE(RIGHT(I123,1))>0),CONCATENATE(VLOOKUP(VALUE(RIGHT(I123,1)),I130:J138,2),"belas "),IF(VALUE(LEFT(RIGHT(I123,2),1))=0,VLOOKUP(VALUE(RIGHT(I123,1)),I129:K138,3),CONCATENATE(VLOOKUP(VALUE(LEFT(RIGHT(I123,2),1)),I130:J138,2),"puluh ",VLOOKUP(VALUE(RIGHT(I123,1)),I129:K138,3))))
I124: =IF(LEN(RIGHT(INT(I122/1000000000),3))<3,CONCATENATE(0,RIGHT(INT(I122/1000000000),3)),RIGHT(INT(I122/1000000000),3)) -> 00 | J124: =IF(LEN(VALUE(I124))=3,CONCATENATE(VLOOKUP(VALUE(LEFT(I124,1)),I129:J138,2),"ratus "),"") | K124: =IF(AND(VALUE(LEFT(RIGHT(I124,2),1))=1,VALUE(RIGHT(I124,1))>0),CONCATENATE(VLOOKUP(VALUE(RIGHT(I124,1)),I130:J138,2),"belas "),IF(VALUE(LEFT(RIGHT(I124,2),1))=0,VLOOKUP(VALUE(RIGHT(I124,1)),I129:K138,3),CONCATENATE(VLOOKUP(VALUE(LEFT(RIGHT(I124,2),1)),I130:J138,2),"puluh ",VLOOKUP(VALUE(RIGHT(I124,1)),I129:K138,3))))
I125: =IF(LEN(RIGHT(INT(I122/1000000),3))<3,CONCATENATE(0,RIGHT(INT(I122/1000000),3)),RIGHT(INT(I122/1000000),3)) -> 00 | J125: =IF(LEN(VALUE(I125))=3,CONCATENATE(VLOOKUP(VALUE(LEFT(I125,1)),I129:J138,2),"ratus "),"") | K125: =IF(AND(VALUE(LEFT(RIGHT(I125,2),1))=1,VALUE(RIGHT(I125,1))>0),CONCATENATE(VLOOKUP(VALUE(RIGHT(I125,1)),I130:J138,2),"belas "),IF(VALUE(LEFT(RIGHT(I125,2),1))=0,VLOOKUP(VALUE(RIGHT(I125,1)),I129:K138,3),CONCATENATE(VLOOKUP(VALUE(LEFT(RIGHT(I125,2),1)),I130:J138,2),"puluh ",VLOOKUP(VALUE(RIGHT(I125,1)),I129:K138,3))))
I126: =IF(LEN(RIGHT(INT(I122/1000),3))<3,CONCATENATE(0,RIGHT(INT(I122/1000),3)),RIGHT(INT(I122/1000),3)) -> 00 | J126: =IF(LEN(VALUE(I126))=3,CONCATENATE(VLOOKUP(VALUE(LEFT(I126,1)),I129:J138,2),"ratus "),"") | K126: =IF(AND(VALUE(LEFT(RIGHT(I126,2),1))=1,VALUE(RIGHT(I126,1))>0),CONCATENATE(VLOOKUP(VALUE(RIGHT(I126,1)),I130:J138,2),"belas "),IF(VALUE(LEFT(RIGHT(I126,2),1))=0,VLOOKUP(VALUE(RIGHT(I126,1)),I129:K138,3),CONCATENATE(VLOOKUP(VALUE(LEFT(RIGHT(I126,2),1)),I130:J138,2),"puluh ",VLOOKUP(VALUE(RIGHT(I126,1)),I129:K138,3))))
I127: =IF(LEN(RIGHT(INT(I122),3))<3,CONCATENATE(0,RIGHT(INT(I122),3)),RIGHT(INT(I122),3)) -> 00 | J127: =IF(LEN(VALUE(I127))=3,CONCATENATE(VLOOKUP(VALUE(LEFT(I127,1)),I129:J138,2),"ratus "),"") | K127: =IF(AND(VALUE(LEFT(RIGHT(I127,2),1))=1,VALUE(RIGHT(I127,1))>0),CONCATENATE(VLOOKUP(VALUE(RIGHT(I127,1)),I130:J138,2),"belas "),IF(VALUE(LEFT(RIGHT(I127,2),1))=0,VLOOKUP(VALUE(RIGHT(I127,1)),I129:K138,3),CONCATENATE(VLOOKUP(VALUE(LEFT(RIGHT(I127,2),1)),I130:J138,2),"puluh ",VLOOKUP(VALUE(RIGHT(I127,1)),I129:K138,3))))
I128: =MID(ROUND((I122)-INT(I122),2),3,2) | J128: =IF(LEN(I128)=0,"",IF(AND(LEN(I128)=2,VALUE(LEFT(I128,1))=0),CONCATENATE("nol ",VLOOKUP(VALUE(RIGHT(I128,1)),I129:K138,3)),IF(LEN(I128)=1,VLOOKUP(VALUE(I128),I129:K138,3),IF(AND(LEN(I128)=2,VALUE(LEFT(I128,1))=1),CONCATENATE(VLOOKUP(VALUE(RIGHT(I128,1)),I129:J138,2),"belas "),CONCATENATE(VLOOKUP(VALUE(LEFT(I128,1)),I130:J138,2),"puluh ",VLOOKUP(VALUE(RIGHT(I128,1)),I130:K138,3))))))
I129: 0
I130: 1 | J130: se | K130: satu
I131: 2 | J131: dua | K131: dua
I132: 3 | J132: tiga | K132: tiga
I133: 4 | J133: empat | K133: empat
I134: 5 | J134: lima | K134: lima
I135: 6 | J135: enam | K135: enam
I136: 7 | J136: tujuh | K136: tujuh
I137: 8 | J137: delapan | K137: delapan
I138: 9 | J138: sembilan | K138: sembilan
...

Sheet SCHD (2)
A2: TIME SCHEDULE / JADWAL WAKTU PELAKSANAAN
B3: ='RAB GIK UGM'!A2 -> Pekerjaan | E3: ='RAB GIK UGM'!C2 -> : Pembangunan Gedung Gelanggang Inovasi dan Kreativitas (GIK) UGM Tahap II
B4: ='RAB GIK UGM'!A3 -> Lokasi | E4: ='RAB GIK UGM'!C3 -> : Jl. Pancasila No. 1, Blimbing Sari, Caturtunggal, Kec. Depok, Kabupaten Sleman, Daerah Istimewa Yogyakarta
B5: ='RAB GIK UGM'!A4 -> Sumber Dana | E5: ='RAB GIK UGM'!C4 -> : APBN
B6: ='RAB GIK UGM'!A5 -> Tahun Anggaran | E6: ='RAB GIK UGM'!C5 -> : Tahun Jamak (MYC) 2025 - 2026 | BG6: =51*7 -> 357
A8: NO | C8: URAIAN PEKERJAAN | H8: Nilai | I8: Waktu Pelaksanaan | BI8: PROSENTASE | BJ8: Ket
H9: Bobot | I9: Mg 1 | J9: Mg 2 | K9: Mg 3 | L9: Mg 4 | M9: Mg 5 | N9: Mg 6 | O9: Mg 7 | P9: Mg 8 | Q9: Mg 9 | R9: Mg 10 | S9: Mg 11 | T9: Mg 12 | U9: Mg 13 | V9: Mg 14 | W9: Mg 15 | X9: Mg 16 | Y9: Mg 17 | Z9: Mg 18 | AA9: Mg 19 | AB9: Mg 20 | AC9: Mg 21 | AD9: Mg 22 | AE9: Mg 23 | AF9: Mg 24 | AG9: Mg 25 | AH9: Mg 26 | AI9: Mg 27 | AJ9: Mg 28 | AK9: Mg 29 | AL9: Mg 30 | AM9: Mg 31 | AN9: Mg 32 | AO9: Mg 33 | AP9: Mg 34 | AQ9: Mg 35 | AR9: Mg 36 | AS9: Mg 37 | AT9: Mg 38 | AU9: Mg 39 | AV9: Mg 40 | AW9: Mg 41 | AX9: Mg 42 | AY9: Mg 43 | AZ9: Mg 44 | BA9: Mg 45 | BB9: Mg 46 | BC9: Mg 47 | BD9: Mg 48 | BE9: Mg 49 | BF9: Mg 50 | BG9: Mg 51 | BH9: Mg 52
H10: (%) | I10: 7 hr | J10: 7 hr | K10: 7 hr | L10: 7 hr | M10: 7 hr | N10: 7 hr | O10: 7 hr | P10: 7 hr | Q10: 7 hr | R10: 7 hr | S10: 7 hr | T10: 7 hr | U10: 7 hr | V10: 7 hr | W10: 7 hr | X10: 7 hr | Y10: 7 hr | Z10: 7 hr | AA10: 7 hr | AB10: 7 hr | AC10: 7 hr | AD10: 7 hr | AE10: 7 hr | AF10: 7 hr | AG10: 7 hr | AH10: 7 hr | AI10: 7 hr | AJ10: 7 hr | AK10: 7 hr | AL10: 7 hr | AM10: 7 hr | AN10: 7 hr | AO10: 7 hr | AP10: 7 hr | AQ10: 7 hr | AR10: 7 hr | AS10: 7 hr | AT10: 7 hr | AU10: 7 hr | AV10: 7 hr | AW10: 7 hr | AX10: 7 hr | AY10: 7 hr | AZ10: 7 hr | BA10: 7 hr | BB10: 7 hr | BC10: 7 hr | BD10: 7 hr | BE10: 7 hr | BF10: 7 hr | BG10: 7 hr | BH10: 3 hr
A11: 1 | C11: 2 | H11: 3 | I11: 4 | J11: 5 | K11: 6 | L11: 7 | M11: 8 | N11: 9 | O11: 10 | P11: 11 | Q11: 12 | R11: 13 | S11: 14 | T11: 15 | U11: 16 | V11: 17 | W11: 18 | X11: 19 | Y11: 20 | Z11: 21 | AA11: 22 | AB11: 23 | AC11: 24 | AD11: 25 | AE11: 26 | AF11: 27 | AG11: 28 | AH11: 29 | AI11: 30 | AJ11: 31 | AK11: 32 | AL11: 33 | AM11: 34 | AN11: 35 | AO11: 36 | AP11: 37 | AQ11: 38 | AR11: 39 | AS11: 40 | AT11: 41 | AU11: 42 | AV11: 43 | AW11: 44 | AX11: 45 | AY11: 46 | AZ11: 47 | BA11: 48 | BB11: 49 | BC11: 50 | BD11: 51 | BE11: 52 | BF11: 53 | BG11: 54 | BH11: 55 | BI11: 56 | BJ11: 57
BI12: 1 | BJ12: Jangka waktu pelaksanaan 360 (tiga ratus enam puluh ) hari kalender , Jangka waktu pemeliharaan 180 (seratus delapan puluh ) hari kalender
B13: ='RAB GIK UGM'!A9 -> A. | C13: ='RAB GIK UGM'!C9 -> MATA PEMBAYARAN UMUM | BL13: =SUM(I13:BH13)-H13 -> 0
C14: ='RAB GIK UGM'!C10 -> PEKERJAAN PERSIAPAN | G14: =SUM('RAB GIK UGM'!G11:G15) -> 3.1605755e+08 | H14: =G14/$G$75*100 -> 0.22072436 | I14: =H14/52 -> 0.0042446992 | J14: =I14 -> 0.0042446992 | K14: =J14 -> 0.0042446992 | L14: =K14 -> 0.0042446992 | M14: =L14 -> 0.0042446992 | N14: =M14 -> 0.0042446992 | O14: =N14 -> 0.0042446992 | P14: =O14 -> 0.0042446992 | Q14: =P14 -> 0.0042446992 | ... BH14: =BG14 -> 0.0042446992 | BL14: =SUM(I14:BH14)-H14 -> 0
B15: ='RAB GIK UGM'!A16 -> B. | C15: ='RAB GIK UGM'!C16 -> MATA PEMBAYARAN PERKIRAAN BIAYA PENERAPAN SMKKK | G15: =SUM('RAB GIK UGM'!G18:G86) -> 9.8203084e+08 | H15: =G15/$G$75*100 -> 0.68581855 | I15: =H15/52 -> 0.013188818 | J15: =I15 -> 0.013188818 | K15: =J15 -> 0.013188818 | L15: =K15 -> 0.013188818 | M15: =L15 -> 0.013188818 | N15: =M15 -> 0.013188818 | O15: =N15 -> 0.013188818 | P15: =O15 -> 0.013188818 | Q15: =P15 -> 0.013188818 | ... BH15: =BG15 -> 0.013188818 | BL15: =SUM(I15:BH15)-H15 -> 0
B16: ='RAB GIK UGM'!A87 -> C. | C16: ='RAB GIK UGM'!C87 -> MATA PEMBAYARAN PEKERJAAN UTAMA | H16: =G16/$G$75*100 -> 0 | BL16: =SUM(I16:BH16)-H16 -> 0
B17: ='RAB GIK UGM'!B88 -> I. | C17: ='RAB GIK UGM'!C88 -> PEKERJAAN STRUKTUR | H17: =G17/$G$75*100 -> 0 | BL17: =SUM(I17:BH17)-H17 -> 0
C18: ='RAB GIK UGM'!C90 -> RETAIL ROOF ZONA D | G18: =SUM('RAB GIK UGM'!G91:G102) -> 4.6433436e+08 | H18: =G18/$G$75*100 -> 0.32427609 | L18: =H18/3 -> 0.10809203 | M18: =L18 -> 0.10809203 | N18: =M18 -> 0.10809203 | BL18: =SUM(I18:BH18)-H18 -> 0
C19: ='RAB GIK UGM'!C103 -> RIGGING AUDITORIUM KECIL ZONA D | G19: =SUM('RAB GIK UGM'!G104:G107) -> 59111623 | H19: =G19/$G$75*100 -> 0.041281644 | M19: =H19/2 -> 0.020640822 | N19: =M19 -> 0.020640822 | BL19: =SUM(I19:BH19)-H19 -> 0
C20: ='RAB GIK UGM'!C108 -> ZONA F | H20: =G20/$G$75*100 -> 0 | BL20: =SUM(I20:BH20)-H20 -> 0
C21: ='RAB GIK UGM'!C109 -> AUDITORIUM BESAR ZONA F | G21: =SUM('RAB GIK UGM'!G111:G114) -> 2.2682657e+08 | H21: =G21/$G$75*100 -> 0.15840834 | O21: =H21/3 -> 0.052802779 | P21: =O21 -> 0.052802779 | Q21: =P21 -> 0.052802779 | BL21: =SUM(I21:BH21)-H21 -> 0
C22: ='RAB GIK UGM'!C115 -> Rigging Cyclorama, Forestage Bar I & II | G22: =SUM('RAB GIK UGM'!G116:G117) -> 32584685 | H22: =G22/$G$75*100 -> 0.022756089 | O22: =H22/3 -> 0.007585363 | P22: =O22 -> 0.007585363 | Q22: =P22 -> 0.007585363 | BL22: =SUM(I22:BH22)-H22 -> 0
C23: ='RAB GIK UGM'!C118 -> Side Bar Left & Right | G23: =SUM('RAB GIK UGM'!G119:G123) -> 1.5250822e+08 | H23: =G23/$G$75*100 -> 0.10650681 | Q23: =H23/3 -> 0.035502269 | R23: =Q23 -> 0.035502269 | S23: =R23 -> 0.035502269 | BL23: =SUM(I23:BH23)-H23 -> 0
C24: ='RAB GIK UGM'!C124 -> Rigging Main Curtain | G24: =SUM('RAB GIK UGM'!G125:G127) -> 2.5632249e+08 | H24: =G24/$G$75*100 -> 0.17900733 | R24: =H24/3 -> 0.05966911 | S24: =R24 -> 0.05966911 | T24: =S24 -> 0.05966911 | BL24: =SUM(I24:BH24)-H24 -> 0
C25: ='RAB GIK UGM'!C128 -> MEZZANINE RUANG FOH (Front of House) | G25: =SUM('RAB GIK UGM'!G129:G134) -> 2.1856374e+08 | H25: =G25/$G$75*100 -> 0.15263784 | R25: =H25/3 -> 0.05087928 | S25: =R25 -> 0.05087928 | T25: =S25 -> 0.05087928 | BL25: =SUM(I25:BH25)-H25 -> 0
C26: ='RAB GIK UGM'!C135 -> ZONA B | G26: =SUM('RAB GIK UGM'!G137:G139) -> 1.4947286e+09 | H26: =G26/$G$75*100 -> 1.0438701 | T26: =H26/3 -> 0.34795669 | U26: =T26 -> 0.34795669 | V26: =U26 -> 0.34795669 | BL26: =SUM(I26:BH26)-H26 -> 0
B27: ='RAB GIK UGM'!B140 -> II. | C27: ='RAB GIK UGM'!C140 -> PEKERJAAN ARSITEKTUR | H27: =G27/$G$75*100 -> 0 | BL27: =SUM(I27:BH27)-H27 -> 0
C28: ='RAB GIK UGM'!C141 -> 0. GENERAL | G28: =SUM('RAB GIK UGM'!G143:G144) -> 6.4367539e+08 | H28: =G28/$G$75*100 -> 0.44952206 | X28: =H28/6 -> 0.074920343 | Y28: =X28 -> 0.074920343 | Z28: =Y28 -> 0.074920343 | AA28: =Z28 -> 0.074920343 | AB28: =AA28 -> 0.074920343 | AC28: =AB28 -> 0.074920343 | BL28: =SUM(I28:BH28)-H28 -> 0
C29: ='RAB GIK UGM'!C145 -> TANGGA KEBAKARAN | G29: =SUM('RAB GIK UGM'!G147:G157) -> 1.1690487e+09 | H29: =G29/$G$75*100 -> 0.81642578 | N29: =H29/6 -> 0.13607096 | O29: =N29 -> 0.13607096 | P29: =O29 -> 0.13607096 | Q29: =P29 -> 0.13607096 | R29: =Q29 -> 0.13607096 | S29: =R29 -> 0.13607096 | BI29: 0.75 | BL29: =SUM(I29:BH29)-H29 -> 0
C30: TERITIS GRC dan LISTPLANK (ZONA EKS BOOKSTORE) | G30: =SUM('RAB GIK UGM'!G159:G160) -> 1.0403471e+09 | H30: =G30/$G$75*100 -> 0.72654474 | O30: =H30/6 -> 0.12109079 | P30: =O30 -> 0.12109079 | Q30: =P30 -> 0.12109079 | R30: =Q30 -> 0.12109079 | S30: =R30 -> 0.12109079 | T30: =S30 -> 0.12109079
C31: ='RAB GIK UGM'!C161 -> ZONA B | G31: =SUM('RAB GIK UGM'!G162:G164) -> 1.3929139e+09 | H31: =G31/$G$75*100 -> 0.97276598 | P31: =H31/6 -> 0.16212766 | Q31: =P31 -> 0.16212766 | R31: =Q31 -> 0.16212766 | S31: =R31 -> 0.16212766 | T31: =S31 -> 0.16212766 | U31: =T31 -> 0.16212766 | BL31: =SUM(I31:BH31)-H31 -> 0
C32: ='RAB GIK UGM'!C165 -> ZONA D | G32: =SUM('RAB GIK UGM'!G167:G178) -> 2.779894e+09 | H32: =G32/$G$75*100 -> 1.941388 | R32: =H32/6 -> 0.32356466 | S32: =R32 -> 0.32356466 | T32: =S32 -> 0.32356466 | U32: =T32 -> 0.32356466 | V32: =U32 -> 0.32356466 | W32: =V32 -> 0.32356466 | BL32: =SUM(I32:BH32)-H32 -> 0
C33: ='RAB GIK UGM'!C179 -> Kanopi Void Ramp Putar Zona D | G33: =SUM('RAB GIK UGM'!G180:G197) -> 4.5687137e+09 | H33: =G33/$G$75*100 -> 3.1906417 | T33: =H33/6 -> 0.53177362 | U33: =T33 -> 0.53177362 | V33: =U33 -> 0.53177362 | W33: =V33 -> 0.53177362 | X33: =W33 -> 0.53177362 | Y33: =X33 -> 0.53177362 | BL33: =SUM(I33:BH33)-H33 -> 0
C34: ='RAB GIK UGM'!C198 -> ZONA F | G34: =SUM('RAB GIK UGM'!G200:G217) -> 1.0464988e+10 | H34: =G34/$G$75*100 -> 7.3084087 | AD34: =H34/15 -> 0.48722725 | AE34: =AD34 -> 0.48722725 | AF34: =AE34 -> 0.48722725 | AG34: =AF34 -> 0.48722725 | AH34: =AG34 -> 0.48722725 | AI34: =AH34 -> 0.48722725 | AJ34: =AI34 -> 0.48722725 | AK34: =AJ34 -> 0.48722725 | AL34: =AK34 -> 0.48722725 | ... AR34: =AQ34 -> 0.48722725 | BL34: =SUM(I34:BH34)-H34 -> 0
C35: ='RAB GIK UGM'!$C$218 -> ZONA BNI | G35: =SUM('RAB GIK UGM'!G219:G222) -> 6.2415312e+08 | H35: =G35/$G$75*100 -> 0.43588834 | X35: =H35/6 -> 0.072648056 | Y35: =X35 -> 0.072648056 | Z35: =Y35 -> 0.072648056 | AA35: =Z35 -> 0.072648056 | AB35: =AA35 -> 0.072648056 | AC35: =AB35 -> 0.072648056 | BL35: =SUM(I35:BH35)-H35 -> 0
C36: ='RAB GIK UGM'!C223 -> TAMBAHAN BARU/ PRASARANA PENDUKUNG PENGELOLAAN | G36: =SUM('RAB GIK UGM'!G224:G243) -> 2.9443224e+09 | H36: =G36/$G$75*100 -> 2.0562194 | Z36: =H36/6 -> 0.34270324 | AA36: =Z36 -> 0.34270324 | AB36: =AA36 -> 0.34270324 | AC36: =AB36 -> 0.34270324 | AD36: =AC36 -> 0.34270324 | AE36: =AD36 -> 0.34270324 | BL36: =SUM(I36:BH36)-H36 -> 0
C37: ='RAB GIK UGM'!C244 -> ROOFTOP | G37: =SUM('RAB GIK UGM'!G245) -> 874000000 | H37: =G37/$G$75*100 -> 0.61037331 | AB37: =H37/6 -> 0.10172889 | AC37: =AB37 -> 0.10172889 | AD37: =AC37 -> 0.10172889 | AE37: =AD37 -> 0.10172889 | AF37: =AE37 -> 0.10172889 | AG37: =AF37 -> 0.10172889 | BL37: =SUM(I37:BH37)-H37 -> 0
B38: ='RAB GIK UGM'!B246 -> III. | C38: ='RAB GIK UGM'!C246 -> PEKERJAAN ELEKTRIKAL DAN ELEKTRONIKA | H38: =G38/$G$75*100 -> 0 | BL38: =SUM(I38:BH38)-H38 -> 0
C39: ='RAB GIK UGM'!C247 -> SUMBER DAYA DAN DISTRIBUSI | H39: =G39/$G$75*100 -> 0 | BL39: =SUM(I39:BH39)-H39 -> 0
C40: ='RAB GIK UGM'!C248 -> SUPPLY DAYA FAN | G40: =SUM('RAB GIK UGM'!G250:G266) -> 33578147 | H40: =G40/$G$75*100 -> 0.023449891 | AN40: =H40/5 -> 0.0046899782 | AO40: =AN40 -> 0.0046899782 | AP40: =AO40 -> 0.0046899782 | AQ40: =AP40 -> 0.0046899782 | AR40: =AQ40 -> 0.0046899782 | BL40: =SUM(I40:BH40)-H40 -> 0
C41: ='RAB GIK UGM'!C267 -> ACTIVE HARMONIC FILTER (AHF) | G41: =SUM('RAB GIK UGM'!G269:G282) -> 894113880 | H41: =G41/$G$75*100 -> 0.62442019 | AP41: =H41/5 -> 0.12488404 | AQ41: =AP41 -> 0.12488404 | AR41: =AQ41 -> 0.12488404 | AS41: =AR41 -> 0.12488404 | AT41: =AS41 -> 0.12488404 | BL41: =SUM(I41:BH41)-H41 -> 0
C42: ='RAB GIK UGM'!C283 -> INSTALASI GENSET | G42: =SUM('RAB GIK UGM'!G285:G344) -> 1.5362531e+10 | H42: =G42/$G$75*100 -> 10.728694 | J42: =H42/5 -> 2.1457389 | K42: =J42 -> 2.1457389 | AR42: =(H42-SUM(J42:K42))/10 -> 0.64372166 | AS42: =AR42 -> 0.64372166 | AT42: =AS42 -> 0.64372166 | AU42: =AT42 -> 0.64372166 | AV42: =AU42 -> 0.64372166 | AW42: =AV42 -> 0.64372166 | AX42: =AW42 -> 0.64372166 | AY42: =AX42 -> 0.64372166 | AZ42: =AY42 -> 0.64372166 | BA42: =AZ42 -> 0.64372166 | BL42: =SUM(I42:BH42)-H42 -> 0
C43: ='RAB GIK UGM'!C345 -> PENYESUAIAN PANEL EKSISTING | G43: =SUM('RAB GIK UGM'!G347:G533) -> 1.7863056e+09 | H43: =G43/$G$75*100 -> 1.247498 | AS43: =H43/5 -> 0.2494996 | AT43: =AS43 -> 0.2494996 | AU43: =AT43 -> 0.2494996 | AV43: =AU43 -> 0.2494996 | AW43: =AV43 -> 0.2494996 | BL43: =SUM(I43:BH43)-H43 -> 0
C44: ='RAB GIK UGM'!C534 -> PENAMBAHAN KABEL TENANT | G44: =SUM('RAB GIK UGM'!G535:G602) -> 2.2860691e+09 | H44: =G44/$G$75*100 -> 1.5965166 | AU44: =H44/5 -> 0.31930333 | AV44: =AU44 -> 0.31930333 | AW44: =AV44 -> 0.31930333 | AX44: =AW44 -> 0.31930333 | AY44: =AX44 -> 0.31930333 | BL44: =SUM(I44:BH44)-H44 -> 0
C45: ='RAB GIK UGM'!C603 -> PANEL DAN KABEL FEEDER LIFT | G45: =SUM('RAB GIK UGM'!G605:G673) -> 5.6079902e+08 | H45: =G45/$G$75*100 -> 0.39164389 | AX45: =H45/5 -> 0.078328777 | AY45: =AX45 -> 0.078328777 | AZ45: =AY45 -> 0.078328777 | BA45: =AZ45 -> 0.078328777 | BB45: =BA45 -> 0.078328777 | BI45: 0.5 | BL45: =SUM(I45:BH45)-H45 -> 0
C46: ='RAB GIK UGM'!C674 -> PENERANGAN DAN KOTAK KONTAK | H46: =G46/$G$75*100 -> 0 | BL46: =SUM(I46:BH46)-H46 -> 0
C47: ='RAB GIK UGM'!C675 -> PENERANGAN ZONA A | G47: =SUM('RAB GIK UGM'!G677:G690) -> 446913087 | H47: =G47/$G$75*100 -> 0.31210963 | W47: =H47/6 -> 0.052018272 | X47: =W47 -> 0.052018272 | Y47: =X47 -> 0.052018272 | Z47: =Y47 -> 0.052018272 | AA47: =Z47 -> 0.052018272 | AB47: =AA47 -> 0.052018272 | BL47: =SUM(I47:BH47)-H47 -> 0
C48: ='RAB GIK UGM'!C691 -> PENERANGAN ZONA B | G48: =SUM('RAB GIK UGM'!G693:G701) -> 170596528 | H48: =G48/$G$75*100 -> 0.11913909 | W48: =H48/6 -> 0.019856516 | X48: =W48 -> 0.019856516 | Y48: =X48 -> 0.019856516 | Z48: =Y48 -> 0.019856516 | AA48: =Z48 -> 0.019856516 | AB48: =AA48 -> 0.019856516 | BL48: =SUM(I48:BH48)-H48 -> 0
C49: ='RAB GIK UGM'!C702 -> PENERANGAN ZONA C | G49: =SUM('RAB GIK UGM'!G704:G712) -> 408314740 | H49: =G49/$G$75*100 -> 0.2851538 | W49: =H49/6 -> 0.047525633 | X49: =W49 -> 0.047525633 | Y49: =X49 -> 0.047525633 | Z49: =Y49 -> 0.047525633 | AA49: =Z49 -> 0.047525633 | AB49: =AA49 -> 0.047525633 | BL49: =SUM(I49:BH49)-H49 -> 0
C50: ='RAB GIK UGM'!C713 -> PENERANGAN ZONA D | G50: =SUM('RAB GIK UGM'!G715:G723) -> 153564361 | H50: =G50/$G$75*100 -> 0.10724438 | W50: =H50/6 -> 0.017874063 | X50: =W50 -> 0.017874063 | Y50: =X50 -> 0.017874063 | Z50: =Y50 -> 0.017874063 | AA50: =Z50 -> 0.017874063 | AB50: =AA50 -> 0.017874063 | BL50: =SUM(I50:BH50)-H50 -> 0
C51: ='RAB GIK UGM'!C724 -> PENERANGAN ZONA F | G51: =SUM('RAB GIK UGM'!G726:G741) -> 899872393 | H51: =G51/$G$75*100 -> 0.62844175 | W51: =H51/6 -> 0.10474029 | X51: =W51 -> 0.10474029 | Y51: =X51 -> 0.10474029 | Z51: =Y51 -> 0.10474029 | AA51: =Z51 -> 0.10474029 | AB51: =AA51 -> 0.10474029 | BL51: =SUM(I51:BH51)-H51 -> 0
C52: ='RAB GIK UGM'!C743 -> ELEKTRONIKA | H52: =G52/$G$75*100 -> 0 | BL52: =SUM(I52:BH52)-H52 -> 0
C53: ='RAB GIK UGM'!C744 -> TELEPON | G53: =SUM('RAB GIK UGM'!G745:G787) -> 866073600 | H53: =G53/$G$75*100 -> 0.60483777 | X53: =H53/6 -> 0.10080629 | Y53: =X53 -> 0.10080629 | Z53: =Y53 -> 0.10080629 | AA53: =Z53 -> 0.10080629 | AB53: =AA53 -> 0.10080629 | AC53: =AB53 -> 0.10080629 | BL53: =SUM(I53:BH53)-H53 -> 0
C54: ='RAB GIK UGM'!C788 -> PROYEKTOR | G54: =SUM('RAB GIK UGM'!G789:G850) -> 1.1409692e+10 | H54: =G54/$G$75*100 -> 7.9681599 | AC54: =H54/9 -> 0.8853511 | AD54: =AC54 -> 0.8853511 | AE54: =AD54 -> 0.8853511 | AF54: =AE54 -> 0.8853511 | AG54: =AF54 -> 0.8853511 | AH54: =AG54 -> 0.8853511 | AI54: =AH54 -> 0.8853511 | AJ54: =AI54 -> 0.8853511 | AK54: =AJ54 -> 0.8853511 | BL54: =SUM(I54:BH54)-H54 -> 0
C55: ='RAB GIK UGM'!C851 -> SPECIAL LIGHTING DAN PROFESSIONAL SOUND SYSTEM | H55: =G55/$G$75*100 -> 0 | BL55: =SUM(I55:BH55)-H55 -> 0
C56: ='RAB GIK UGM'!C852 -> SPECIAL LIGHTING SPORT HALL | G56: =SUM('RAB GIK UGM'!G854:G864) -> 1684054788 | H56: =G56/$G$75*100 -> 1.1760894 | X56: =H56/6 -> 0.19601489 | Y56: =X56 -> 0.19601489 | Z56: =Y56 -> 0.19601489 | AA56: =Z56 -> 0.19601489 | AB56: =AA56 -> 0.19601489 | AC56: =AB56 -> 0.19601489 | BL56: =SUM(I56:BH56)-H56 -> 0
C57: ='RAB GIK UGM'!C865 -> SOUND SYSTEM AUDITORIUM BESAR | G57: =SUM('RAB GIK UGM'!G866:G891) -> 4012508808 | H57: =G57/$G$75*100 -> 2.8022063 | X57: =H57/6 -> 0.46703438 | Y57: =X57 -> 0.46703438 | Z57: =Y57 -> 0.46703438 | AA57: =Z57 -> 0.46703438 | AB57: =AA57 -> 0.46703438 | AC57: =AB57 -> 0.46703438 | BL57: =SUM(I57:BH57)-H57 -> 0
C58: ='RAB GIK UGM'!C892 -> STASIUN PENGISIAN KENDARAAN LISTRIK UMUM (SPKLU) | G58: =SUM('RAB GIK UGM'!G893:G896) -> 1.8189558e+10 | H58: =G58/$G$75*100 -> 12.702999 | J58: =H58/5 -> 2.5405998 | K58: =J58 -> 2.5405998 | AD58: =(H58-SUM(J58:K58))/15 -> 0.50811996 | AE58: =AD58 -> 0.50811996 | AF58: =AE58 -> 0.50811996 | AG58: =AF58 -> 0.50811996 | AH58: =AG58 -> 0.50811996 | AI58: =AH58 -> 0.50811996 | AJ58: =AI58 -> 0.50811996 | AK58: =AJ58 -> 0.50811996 | AL58: =AK58 -> 0.50811996 | ... AR58: =AQ58 -> 0.50811996 | BL58: =SUM(I58:BH58)-H58 -> 0
C59: ='RAB GIK UGM'!C897 -> TV INTYERACTIVE RUANG KELAS ZONA C | G59: =SUM('RAB GIK UGM'!G898:G903) -> 16548714000 | H59: =G59/$G$75*100 -> 11.557086 | J59: =H59/4 -> 2.8892716 | K59: =J59 -> 2.8892716 | AS59: =(H59-SUM(J59:K59))/15 -> 0.38523621 | AT59: =AS59 -> 0.38523621 | AU59: =AT59 -> 0.38523621 | AV59: =AU59 -> 0.38523621 | AW59: =AV59 -> 0.38523621 | AX59: =AW59 -> 0.38523621 | AY59: =AX59 -> 0.38523621 | AZ59: =AY59 -> 0.38523621 | BA59: =AZ59 -> 0.38523621 | ... BG59: =BF59 -> 0.38523621 | BL59: =SUM(I59:BH59)-H59 -> 0
C60: ='RAB GIK UGM'!C903 -> PEKERJAAN MEKANIKAL DAN PLAMBING | H60: =G60/$G$75*100 -> 0 | BL60: =SUM(I60:BH60)-H60 -> 0
C61: ='RAB GIK UGM'!C904 -> DATA CENTER EKS BNI | G61: =SUM('RAB GIK UGM'!G907:G949) -> 7413695365 | H61: =G61/$G$75*100 -> 5.1774849 | AL61: =H61/6 -> 0.86291415 | AM61: =AL61 -> 0.86291415 | AN61: =AM61 -> 0.86291415 | AO61: =AN61 -> 0.86291415 | AP61: =AO61 -> 0.86291415 | AQ61: =AP61 -> 0.86291415 | BI61: 0.25 | BL61: =SUM(I61:BH61)-H61 -> 0
C62: ='RAB GIK UGM'!C950 -> PLAMBING LANTAI ATAP | G62: =SUM('RAB GIK UGM'!G952:G1024) -> 2.0278499e+09 | H62: =G62/$G$75*100 -> 1.4161847 | AP62: =H62/5 -> 0.28323695 | AQ62: =AP62 -> 0.28323695 | AR62: =AQ62 -> 0.28323695 | AS62: =AR62 -> 0.28323695 | AT62: =AS62 -> 0.28323695 | BL62: =SUM(I62:BH62)-H62 -> 0
C63: ='RAB GIK UGM'!C1025 -> PENGADAAN LIFT | G63: =SUM('RAB GIK UGM'!G1027:G1085) -> 4.9094008e+09 | H63: =G63/$G$75*100 -> 3.4285666 | J63: =H63/4 -> 0.85714165 | K63: =J63 -> 0.85714165 | AR63: =((H63-(SUM(J63:K63)))/5) -> 0.34285666 | AS63: =AR63 -> 0.34285666 | AT63: =AS63 -> 0.34285666 | AU63: =AT63 -> 0.34285666 | AV63: =AU63 -> 0.34285666 | BL63: =SUM(I63:BH63)-H63 -> 0
C64: ='RAB GIK UGM'!C1086 -> PEMIPAAN AIR BERSIH | G64: =SUM('RAB GIK UGM'!G1087:G1145) -> 2.45364e+09 | H64: =G64/$G$75*100 -> 1.7135428 | AU64: =H64/5 -> 0.34270856 | AV64: =AU64 -> 0.34270856 | AW64: =AV64 -> 0.34270856 | AX64: =AW64 -> 0.34270856 | AY64: =AX64 -> 0.34270856 | BL64: =SUM(I64:BH64)-H64 -> 0
C65: ='RAB GIK UGM'!C1146 -> INSTALASI GAS | G65: =SUM('RAB GIK UGM'!G1148:G1153) -> 1.7033177e+09 | H65: =G65/$G$75*100 -> 1.1895419 | AW65: =H65/5 -> 0.23790839 | AX65: =AW65 -> 0.23790839 | AY65: =AX65 -> 0.23790839 | AZ65: =AY65 -> 0.23790839 | BA65: =AZ65 -> 0.23790839 | BL65: =SUM(I65:BH65)-H65 -> 0
C66: ='RAB GIK UGM'!C1154 -> MATA PEMBAYARAN LAINNYA | H66: =G66/$G$75*100 -> 0 | BL66: =SUM(I66:BH66)-H66 -> 0
C67: ='RAB GIK UGM'!C1155 -> PEKERJAAN LANSEKAP | H67: =G67/$G$75*100 -> 0 | BL67: =SUM(I67:BH67)-H67 -> 0
C68: ='RAB GIK UGM'!C1156 -> HARDSCAPE | G68: =SUM('RAB GIK UGM'!G1157:G1178) -> 1.3091676e+09 | H68: =G68/$G$75*100 -> 0.9142803 | J68: =H68/4 -> 0.22857008 | K68: =J68 -> 0.22857008 | AS68: =(H68-(SUM(I68:K68)))/15 -> 0.03047601 | AT68: =AS68 -> 0.03047601 | AU68: =AT68 -> 0.03047601 | AV68: =AU68 -> 0.03047601 | AW68: =AV68 -> 0.03047601 | AX68: =AW68 -> 0.03047601 | AY68: =AX68 -> 0.03047601 | AZ68: =AY68 -> 0.03047601 | BA68: =AZ68 -> 0.03047601 | ... BG68: =BF68 -> 0.03047601 | BL68: =SUM(I68:BH68)-H68 -> 0
C69: ='RAB GIK UGM'!C1179 -> PEKERJAAN FURNITURE STANDAR | G69: =SUM('RAB GIK UGM'!G1181:G1238) -> 5.6737543e+09 | H69: =G69/$G$75*100 -> 3.9623664 | J69: =H69/4 -> 0.99059159 | K69: =J69 -> 0.99059159 | AS69: =(H69-(SUM(I69:K69)))/15 -> 0.13207888 | AT69: =AS69 -> 0.13207888 | AU69: =AT69 -> 0.13207888 | AV69: =AU69 -> 0.13207888 | AW69: =AV69 -> 0.13207888 | AX69: =AW69 -> 0.13207888 | AY69: =AX69 -> 0.13207888 | AZ69: =AY69 -> 0.13207888 | BA69: =AZ69 -> 0.13207888 | ... BG69: =BF69 -> 0.13207888 | BL69: =SUM(I69:BH69)-H69 -> 0
C70: ='RAB GIK UGM'!C1239 -> AUDITORIUM BESAR | G70: =SUM('RAB GIK UGM'!G1240:G1246) -> 389500000 | H70: =G70/$G$75*100 -> 0.27201419 | J70: =H70/4 -> 0.068003548 | K70: =J70 -> 0.068003548 | AS70: =(H70-(SUM(I70:K70)))/15 -> 0.0090671398 | AT70: =AS70 -> 0.0090671398 | AU70: =AT70 -> 0.0090671398 | AV70: =AU70 -> 0.0090671398 | AW70: =AV70 -> 0.0090671398 | AX70: =AW70 -> 0.0090671398 | AY70: =AX70 -> 0.0090671398 | AZ70: =AY70 -> 0.0090671398 | BA70: =AZ70 -> 0.0090671398 | ... BG70: =BF70 -> 0.0090671398 | BL70: =SUM(I70:BH70)-H70 -> 0
C71: ='RAB GIK UGM'!C1247 -> PEKERJAAN FURNITURE CUSTOM | H71: =G71/$G$75*100 -> 0 | BL71: =SUM(I71:BH71)-H71 -> 0
C72: ='RAB GIK UGM'!C1248 -> UGM SHOP | G72: =SUM('RAB GIK UGM'!G1249:G1258) -> 1.1725292e+09 | H72: =G72/$G$75*100 -> 0.81885647 | AS72: =H72/15 -> 0.054590431 | AT72: =AS72 -> 0.054590431 | AU72: =AT72 -> 0.054590431 | AV72: =AU72 -> 0.054590431 | AW72: =AV72 -> 0.054590431 | AX72: =AW72 -> 0.054590431 | AY72: =AX72 -> 0.054590431 | AZ72: =AY72 -> 0.054590431 | BA72: =AZ72 -> 0.054590431 | ... BG72: =BF72 -> 0.054590431 | BL72: =SUM(I72:BH72)-H72 -> 0
C73: ='RAB GIK UGM'!C1259 -> STUDENT CENTER | G73: =SUM('RAB GIK UGM'!G1260:G1299) -> 9.7198182e+09 | H73: =G73/$G$75*100 -> 6.7880064 | J73: =H73/4 -> 1.6970016 | K73: =J73 -> 1.6970016 | AS73: =(H73-(SUM(I73:K73)))/15 -> 0.22626688 | AT73: =AS73 -> 0.22626688 | AU73: =AT73 -> 0.22626688 | AV73: =AU73 -> 0.22626688 | AW73: =AV73 -> 0.22626688 | AX73: =AW73 -> 0.22626688 | AY73: =AX73 -> 0.22626688 | AZ73: =AY73 -> 0.22626688 | BA73: =AZ73 -> 0.22626688 | ... BG73: =BF73 -> 0.22626688 | BL73: =SUM(I73:BH73)-H73 -> 0
BI74: 0 | BL74: =SUM(I74:BH74)-H74 -> 0
F75: Rencana Progres Minggu ini | G75: =SUM(G13:G74) -> 1.4319106e+11 | H75: =SUM(H13:H74) -> 100 | I75: =SUM(I13:I74) -> 0.017433518 | J75: =SUM(J13:J74) -> 11.434352 | K75: =SUM(K13:K74) -> 11.434352 | L75: =SUM(L13:L74) -> 0.12552555 | M75: =SUM(M13:M74) -> 0.14616637 | N75: =SUM(N13:N74) -> 0.28223733 | ... BH75: =SUM(BH13:BH74) -> 0.017433518
F76: Rencana Progres Komulatif | G76: ='REKAP Tot'!E19 -> 1.4319106e+11 | H76: 0 | I76: =I75 -> 0.017433518 | J76: =I76+J75 -> 11.451786 | K76: =J76+K75 -> 22.886138 | L76: =K76+L75 -> 23.011663 | M76: =L76+M75 -> 23.15783 | N76: =M76+N75 -> 23.440067 | O76: =N76+O75 -> 23.775051 | P76: =O76+P75 -> 24.272162 | Q76: =P76+Q75 -> 24.804775 | ... BH76: =BG76+BH75 -> 100
F77: Realisasi Progres Minggu ini | G77: =G75-G76 -> 0
F78: Realisasi Progres Komulatif Tercapai
F79: Deviasi
K82: =K101 -> 0.21743575
BF84: ='REKAP Tot'!D26 -> Semarang, 27 November 2025
BF85: ='REKAP Tot'!D27 -> Penawar
BF86: ='REKAP Tot'!D28 -> PT. SINAR CERAH SEMPURNA
BF91: ='REKAP Tot'!D33 -> Ir H SOEHARTO, MT
BF92: ='REKAP Tot'!D34 -> Direktur
K98: =F105 -> 0.36743575
K99: 0.15
K101: =K98-K99 -> 0.21743575
E102: 72.100.000,00 dan 2026 Sebesar: Rp.124.124.783.000,00
E105: 72100000000 | F105: =E105/E108 -> 0.36743575
E106: 124124783000 | F106: =E106/E108 -> 0.63256425
E108: =SUM(E105:E107) -> 196224783000 | F108: =SUM(F105:F107) -> 1
I121: =PROPER(CONCATENATE("",IF(VALUE(I123)>0,CONCATENATE(J123,K123,"trilyun "),""),IF(VALUE(I124)>0,CONCATENATE(J124,K124,"milyar "),""),IF(VALUE(I125)>0,CONCATENATE(J125,K125,"juta "),""),IF(VALUE(I126)>0,CONCATENATE(J126,K126,"ribu "),""),J127,K127,IF(LEN(I128)>0,CONCATENATE(IF(I123+I124+I125+I126+I127=0,"nol koma ","koma "),J128),J128),IF(AND(LEN(I128)=0,I123+I124+I125+I126+I127=0),"","rupiah ")))
I122: =H79 -> 0
I123: =IF(LEN(RIGHT(INT(I122/1000000000000),3))<3,CONCATENATE(0,RIGHT(INT(I122/1000000000000),3)),RIGHT(INT(I122/1000000000000),3)) -> 00 | J123: =IF(LEN(VALUE(I123))=3,CONCATENATE(VLOOKUP(VALUE(LEFT(I123,1)),I129:J138,2),"ratus "),"") | K123: =IF(AND(VALUE(LEFT(RIGHT(I123,2),1))=1,VALUE(RIGHT(I123,1))>0),CONCATENATE(VLOOKUP(VALUE(RIGHT(I123,1)),I130:J138,2),"belas "),IF(VALUE(LEFT(RIGHT(I123,2),1))=0,VLOOKUP(VALUE(RIGHT(I123,1)),I129:K138,3),CONCATENATE(VLOOKUP(VALUE(LEFT(RIGHT(I123,2),1)),I130:J138,2),"puluh ",VLOOKUP(VALUE(RIGHT(I123,1)),I129:K138,3))))
I124: =IF(LEN(RIGHT(INT(I122/1000000000),3))<3,CONCATENATE(0,RIGHT(INT(I122/1000000000),3)),RIGHT(INT(I122/1000000000),3)) -> 00 | J124: =IF(LEN(VALUE(I124))=3,CONCATENATE(VLOOKUP(VALUE(LEFT(I124,1)),I129:J138,2),"ratus "),"") | K124: =IF(AND(VALUE(LEFT(RIGHT(I124,2),1))=1,VALUE(RIGHT(I124,1))>0),CONCATENATE(VLOOKUP(VALUE(RIGHT(I124,1)),I130:J138,2),"belas "),IF(VALUE(LEFT(RIGHT(I124,2),1))=0,VLOOKUP(VALUE(RIGHT(I124,1)),I129:K138,3),CONCATENATE(VLOOKUP(VALUE(LEFT(RIGHT(I124,2),1)),I130:J138,2),"puluh ",VLOOKUP(VALUE(RIGHT(I124,1)),I129:K138,3))))
I125: =IF(LEN(RIGHT(INT(I122/1000000),3))<3,CONCATENATE(0,RIGHT(INT(I122/1000000),3)),RIGHT(INT(I122/1000000),3)) -> 00 | J125: =IF(LEN(VALUE(I125))=3,CONCATENATE(VLOOKUP(VALUE(LEFT(I125,1)),I129:J138,2),"ratus "),"") | K125: =IF(AND(VALUE(LEFT(RIGHT(I125,2),1))=1,VALUE(RIGHT(I125,1))>0),CONCATENATE(VLOOKUP(VALUE(RIGHT(I125,1)),I130:J138,2),"belas "),IF(VALUE(LEFT(RIGHT(I125,2),1))=0,VLOOKUP(VALUE(RIGHT(I125,1)),I129:K138,3),CONCATENATE(VLOOKUP(VALUE(LEFT(RIGHT(I125,2),1)),I130:J138,2),"puluh ",VLOOKUP(VALUE(RIGHT(I125,1)),I129:K138,3))))
I126: =IF(LEN(RIGHT(INT(I122/1000),3))<3,CONCATENATE(0,RIGHT(INT(I122/1000),3)),RIGHT(INT(I122/1000),3)) -> 00 | J126: =IF(LEN(VALUE(I126))=3,CONCATENATE(VLOOKUP(VALUE(LEFT(I126,1)),I129:J138,2),"ratus "),"") | K126: =IF(AND(VALUE(LEFT(RIGHT(I126,2),1))=1,VALUE(RIGHT(I126,1))>0),CONCATENATE(VLOOKUP(VALUE(RIGHT(I126,1)),I130:J138,2),"belas "),IF(VALUE(LEFT(RIGHT(I126,2),1))=0,VLOOKUP(VALUE(RIGHT(I126,1)),I129:K138,3),CONCATENATE(VLOOKUP(VALUE(LEFT(RIGHT(I126,2),1)),I130:J138,2),"puluh ",VLOOKUP(VALUE(RIGHT(I126,1)),I129:K138,3))))
I127: =IF(LEN(RIGHT(INT(I122),3))<3,CONCATENATE(0,RIGHT(INT(I122),3)),RIGHT(INT(I122),3)) -> 00 | J127: =IF(LEN(VALUE(I127))=3,CONCATENATE(VLOOKUP(VALUE(LEFT(I127,1)),I129:J138,2),"ratus "),"") | K127: =IF(AND(VALUE(LEFT(RIGHT(I127,2),1))=1,VALUE(RIGHT(I127,1))>0),CONCATENATE(VLOOKUP(VALUE(RIGHT(I127,1)),I130:J138,2),"belas "),IF(VALUE(LEFT(RIGHT(I127,2),1))=0,VLOOKUP(VALUE(RIGHT(I127,1)),I129:K138,3),CONCATENATE(VLOOKUP(VALUE(LEFT(RIGHT(I127,2),1)),I130:J138,2),"puluh ",VLOOKUP(VALUE(RIGHT(I127,1)),I129:K138,3))))
I128: =MID(ROUND((I122)-INT(I122),2),3,2) | J128: =IF(LEN(I128)=0,"",IF(AND(LEN(I128)=2,VALUE(LEFT(I128,1))=0),CONCATENATE("nol ",VLOOKUP(VALUE(RIGHT(I128,1)),I129:K138,3)),IF(LEN(I128)=1,VLOOKUP(VALUE(I128),I129:K138,3),IF(AND(LEN(I128)=2,VALUE(LEFT(I128,1))=1),CONCATENATE(VLOOKUP(VALUE(RIGHT(I128,1)),I129:J138,2),"belas "),CONCATENATE(VLOOKUP(VALUE(LEFT(I128,1)),I130:J138,2),"puluh ",VLOOKUP(VALUE(RIGHT(I128,1)),I130:K138,3))))))
I129: 0
I130: 1 | J130: se | K130: satu
...

Sheet RAB GIK UGM
A2: Pekerjaan | C2: : Pembangunan Gedung Gelanggang Inovasi dan Kreativitas (GIK) UGM Tahap II
A3: Lokasi | C3: : Jl. Pancasila No. 1, Blimbing Sari, Caturtunggal, Kec. Depok, Kabupaten Sleman, Daerah Istimewa Yogyakarta
A4: Sumber Dana | C4: : APBN
A5: Tahun Anggaran | C5: : Tahun Jamak (MYC) 2025 - 2026
A7: Nomor | C7: Jenis Barang/Jasa | D7: Satuan Unit | E7: Volume | F7: Harga Satuan (Rp) | G7: Jumlah Harga Satuan (Rp)
A8: 1 | C8: 2 | D8: 3 | E8: 4 | F8: 5 | G8: 6
A9: A. | C9: MATA PEMBAYARAN UMUM
C10: PEKERJAAN PERSIAPAN
C11: Pengukuran dan pemasangan Bouwplank | D11: m1 | E11: 120 | F11: ='Hrg Sat'!$G$10 -> 62700 | G11: =E11*F11 -> 7524000
C12: Papan nama proyek | D12: unit | E12: 1 | F12: 1750000 | G12: =E12*F12 -> 1750000
C13: Pembuatan gudang (sewa) | D13: m2 | E13: 80 | F13: ='Hrg Sat'!$G$13 -> 1587657 | G13: =E13*F13 -> 127012560
C14: Pembuatan bedeng pekerja (sewa) | D14: m2 | E14: 60 | F14: ='Hrg Sat'!$G$13 -> 1587657 | G14: =E14*F14 -> 95259420
C15: Sekat/Pagar Pembatas (Sewa) | D15: m1 | E15: 256.47 | F15: ='Hrg Sat'!$G$9 -> 329518.33 | G15: =E15*F15 -> 84511567
A16: B. | C16: MATA PEMBAYARAN PERKIRAAN BIAYA PENERAPAN SMKKK
C17: Penyiapan RKK
C18: Pembuatan dokumen RKK, RKPPL, RMLLP, RMPK | D18: set | E18: 1 | F18: 1450000 | G18: =E18*F18 -> 1450000
C19: Pembuatan prosedur dan instruksi kerja | D19: set | E19: 1 | F19: 750000 | G19: =E19*F19 -> 750000
C20: Penyusunan pelaporan penerapan SMKK | D20: set | E20: 1 | F20: 750000 | G20: =E20*F20 -> 750000
C21: Sosialisasi, promosi dan pelatihan
C22: Induksi Keselamatan Konstruksi (Safety Induction) | D22: org | E22: 100 | F22: 7500 | G22: =E22*F22 -> 750000
C23: Pengarahan Keselamatan Konstruksi (Safety Briefing) | D23: org | E23: 100 | F23: 7500 | G23: =E23*F23 -> 750000
C24: Pertemuan keselamatan (Safety Talk dan/atau Tool Box Meeting) | D24: org | E24: 100 | F24: 7500 | G24: =E24*F24 -> 750000
C25: Pelatihan Keselamatan Konstruksi
C26: Penggunaan bahan kimia (MSDS) | D26: org | E26: 25 | F26: 7500 | G26: =E26*F26 -> 187500
C27: Analisis keselamatan pekerjaan | D27: org | E27: 25 | F27: 7500 | G27: =E27*F27 -> 187500
C28: Perilaku berbasis keselamatan (Budaya Berkeselamatan konstruksi) | D28: org | E28: 25 | F28: 7500 | G28: =E28*F28 -> 187500
C29: P3K | D29: org | E29: 25 | F29: 7500 | G29: =E29*F29 -> 187500
C30: Simulasi Keselamatan Konstruksi | D30: org | E30: 50 | F30: 7500 | G30: =E30*F30 -> 375000
C31: Spanduk (Banner) | D31: lb | E31: 8 | F31: 450000 | G31: =E31*F31 -> 3600000
C32: Poster/leaflet | D32: lb | E32: 8 | F32: 175000 | G32: =E32*F32 -> 1400000
C33: Papan Informasi Keselamatan Konstruksi | D33: bh | E33: 10 | F33: 400000 | G33: =E33*F33 -> 4000000
C34: Alat Pelindung Kerja dan Alat Pelindung Diri
C35: APK antara lain
C36: Tali Keselamatan (Life Line) | D36: m | E36: 413.08 | F36: 25000 | G36: =E36*F36 -> 10327000
C37: Pagar Pengaman (Guard Railling) | D37: unit | E37: 95 | F37: 240000 | G37: =E37*F37 -> 22800000
C38: Pembatas Area (Restricted Area) | D38: roll | E38: 100 | F38: 250000 | G38: =E38*F38 -> 25000000
C39: APD antara lain
C40: Topi Pelindung (Safety Helmet) | D40: bh | E40: 300 | F40: 65000 | G40: =E40*F40 -> 19500000
C41: Pelindung Mata (Goggles, Spectacles) | D41: bh | E41: 250 | F41: 90000 | G41: =E41*F41 -> 22500000
C42: Pelindung telinga (ear plug, Ear Muff) | D42: psg | E42: 50 | F42: 10000 | G42: =E42*F42 -> 500000
C43: Pelindung pernafasan dan mulut (masker, masker respirator) | D43: bh | E43: 200 | F43: 7500 | G43: =E43*F43 -> 1500000
C44: Sarung Tangan (Safety Gloves) | D44: psg | E44: 200 | F44: 7500 | G44: =E44*F44 -> 1500000
C45: Sepatu Keselamatan (Safety Shoes, rubber safety shoes and toe cap) | D45: psg | E45: 300 | F45: 130000 | G45: =E45*F45 -> 39000000
C46: Penunjang Seluruh Tubuh (Full Body Harness) | D46: bh | E46: 100 | F46: 1050000 | G46: =E46*F46 -> 105000000
C47: Rompi Keselamatan (Safety Vest) | D47: bh | E47: 300 | F47: 30000 | G47: =E47*F47 -> 9000000
C48: Celemek (Apron/Coveralls) | D48: bh | E48: 100 | F48: 100000 | G48: =E48*F48 -> 10000000
C49: Pelindung Jatuh (Fall Arrester) | D49: bh | E49: 50 | F49: 425000 | G49: =E49*F49 -> 21250000
C50: Asuransi dan perizinan
C51: Asuransi (Construction All Risk /CAR) | D51: proyek | E51: 1 | F51: 2.3982884e+08 | G51: =E51*F51 -> 2.3982884e+08
C52: Uji riksa Alat berat | D52: alat/kend | E52: 4 | F52: 1600000 | G52: =E52*F52 -> 6400000
C53: Personel Keselamatan Konstruksi
C54: Petugas Keselamatan Konstruksi, Petugas K3 Konstruksi | D54: OB | E54: 12 | F54: 2200000 | G54: =E54*F54 -> 26400000
C55: Petugas Tanggap darurat/Petugas pemadam kebakaran | D55: OB | E55: 12 | F55: 2200000 | G55: =E55*F55 -> 26400000
C56: Petugas P3K | D56: OB | E56: 12 | F56: 3000000 | G56: =E56*F56 -> 36000000
C57: Tenaga medis dan/atau kesehatan (Dokter atau Paramedis) | D57: OB | E57: 12 | F57: 4000000 | G57: =E57*F57 -> 48000000
C58: Petugas pengatur lalu lintas | D58: OB | E58: 12 | F58: 2200000 | G58: =E58*F58 -> 26400000
C59: Fasilitas, sarana dan prasarana kesehatan
C60: Peralatan P3K | D60: set | E60: 1 | F60: 7500000 | G60: =E60*F60 -> 7500000
C61: Ruang P3K | D61: set | E61: 1 | F61: 4000000 | G61: =E61*F61 -> 4000000
C62: Peralatan pengasapan (obat dan mesin fogging) | D62: Unit | E62: 10 | F62: 850000 | G62: =E62*F62 -> 8500000
C63: Ambulans (sewa) | D63: Unit | E63: 1 | F63: =1350000*12 -> 16200000 | G63: =E63*F63 -> 16200000
C64: Rambu dan Perlengkapan lalu lintas yang diperlukan atau manajemen lalu lintas
C65: Rambu petunjuk | D65: bh | E65: 3 | F65: 125000 | G65: =E65*F65 -> 375000
C66: Rambu larangan | D66: bh | E66: 3 | F66: 125000 | G66: =E66*F66 -> 375000
C67: Rambu peringatan | D67: bh | E67: 3 | F67: 125000 | G67: =E67*F67 -> 375000
C68: Rambu kewajiban | D68: bh | E68: 3 | F68: 125000 | G68: =E68*F68 -> 375000
C69: Rambu informasi | D69: bh | E69: 3 | F69: 125000 | G69: =E69*F69 -> 375000
C70: Rambu pekerjaan sementara | D70: bh | E70: 3 | F70: 125000 | G70: =E70*F70 -> 375000
C71: Jalur Evakuasi (Petunjuk Escape Route) | D71: bh | E71: 9 | F71: 55000 | G71: =E71*F71 -> 495000
C72: Kerucut lalu lintas (Traffic Cone) | D72: bh | E72: 20 | F72: 300000 | G72: =E72*F72 -> 6000000
C73: Lampu putar (Rotary Lamp) | D73: bh | E73: 20 | F73: 750000 | G73: =E73*F73 -> 15000000
C74: Pembatas Jalan (water barrier) | D74: m | E74: 20 | F74: 1000000 | G74: =E74*F74 -> 20000000
C75: Lampu/alat penerangan sementara | D75: bh | E75: 20 | F75: 1400000 | G75: =E75*F75 -> 28000000
C76: Konsultasi dengan Ahli terkait Keselamatan Konstruksi
C77: Ahli Mekanikal (Madya) | D77: OJ | E77: 12 | F77: 2000000 | G77: =E77*F77 -> 24000000
C78: Ahli Elektrikal (Madya) | D78: OJ | E78: 12 | F78: 2000000 | G78: =E78*F78 -> 24000000
C79: Kegiatan dan peralatan terkait Pengendalian Risiko Keselamatan Konstruksi
C80: Alat Pemadam Api Portable (APAP) | D80: bh | E80: 4 | F80: 1100000 | G80: =E80*F80 -> 4400000
C81: Bendera K3 | D81: bh | E81: 1 | F81: 180000 | G81: =E81*F81 -> 180000
C82: Pembuatan Kartu Identitas Pekerja (KIP) | D82: bh | E82: 50 | F82: 7500 | G82: =E82*F82 -> 375000
C83: Lampu darurat (Emergency Lamp) | D83: bh | E83: 3 | F83: 750000 | G83: =E83*F83 -> 2250000
C84: Pemeriksaan lingkungan/uji sampling antara lain - pengujian kualitas air, - udara, - kebisingan, - getaran, - limbah B3, - pencahayaan | D84: titik lokasi | E84: 7 | F84: 13500000 | G84: =E84*F84 -> 94500000
C85: Audit eksternal | D85: periode | E85: 2 | F85: 250000 | G85: =E85*F85 -> 500000
C86: CCTV + alat pendukung sistem terpasang lengkap (sewa) | D86: unit | E86: 5 | F86: 2250000 | G86: =E86*F86 -> 11250000
A87: C. | C87: MATA PEMBAYARAN PEKERJAAN UTAMA
B88: I. | C88: PEKERJAAN STRUKTUR
C89: ZONA D
C90: RETAIL ROOF ZONA D
C91: Pembuatan 1 kg baja profil WF 400.200.8.13 (Termasuk Pengelasan, Perakitan, Zinchromate & Cat Finish Anti Karat) | D91: kg | E91: 7658.11 | F91: ='Hrg Sat'!$G$52 -> 29031 | G91: =E91*F91 -> 2.2232259e+08
C92: Pembuatan 1 kg baja profil WF 300.150.6.5.9 (Termasuk Pengelasan, Perakitan, Zinchromate & Cat Finish Anti Karat) | D92: kg | E92: 575.24 | F92: ='Hrg Sat'!$G$52 -> 29031 | G92: =E92*F92 -> 16699792
C93: Pembuatan 1 kg baja profil CNP 200.75.20.3,2 (Termasuk Pengelasan, Perakitan, Zinchromate & Cat Finish Anti Karat) | D93: kg | E93: 2988.79 | F93: ='Hrg Sat'!$G$52 -> 29031 | G93: =E93*F93 -> 86767562
C94: Sagrod 12 mm | D94: kg | E94: 440.38 | F94: ='Hrg Sat'!$G$47 -> 14237 | G94: =E94*F94 -> 6269690.1
C95: Plat 20 mm | D95: kg | E95: 20.89 | F95: ='Hrg Sat'!$G$52 -> 29031 | G95: =E95*F95 -> 606457.59
C96: Plat 24mm | D96: kg | E96: 942.59 | F96: ='Hrg Sat'!$G$52 -> 29031 | G96: =E96*F96 -> 27364330
C97: Plat 12mm | D97: kg | E97: 314.2 | F97: ='Hrg Sat'!$G$52 -> 29031 | G97: =E97*F97 -> 9121540.2
C98: Chemical Anchor 25 mm (termasuk 2 mur & 2 ring) | D98: titik | E98: 48 | F98: =Bahan!$C$808 -> 425000 | G98: =E98*F98 -> 20400000
C99: Baut HTB M16 | D99: bh | E99: 120 | F99: =Bahan!$C$210 -> 13500 | G99: =E99*F99 -> 1620000
C100: Baut HTB M12 | D100: bh | E100: 108 | F100: =Bahan!$C$211 -> 9500 | G100: =E100*F100 -> 1026000
C101: Penutup Lantai | D101: m2 | E101: 172.06 | F101: ='Hrg Sat'!$G$101 -> 342773 | G101: =E101*F101 -> 58977522
C102: Talang | D102: m1 | E102: 70.94 | F102: ='Hrg Sat'!$G$125 -> 185493 | G102: =E102*F102 -> 13158873
...

Sheet Sheet3
I3: 1. CH-21 (AUDITORIUM CHAIR)
A4: 2. Genset kap. 2500 Kva prime tipe Silent (built up) | I4: 11. CH-20 (CLASS CHAIR D=800x550mm)
A5: 3. TV Interactive IFPD V6 TRANSCEND 86 INCH + WINDOWS I5 OPS | I5: 50. CH-11 (CHAIR)
A6: 4. AC Presisi-Data Center 18HP lengkap dengan: | I6: 69. CH-03 (LOUNGE CHAIR TIPE 2)
B7: AC Presisi Unit Indoor dan Outdoor (include media pre | I7: 70. CH-03 (LOUNGE CHAIR TIPE 1)
B8: filter+housing (bulitin) | I8: 81. CH-12 (CHAIR)
B9: Control sequence | I9: 82. CH-01 (WORKING CHAIR)
B10: Include: pemasangan,test partial (bektest, Flushing N2, Vacum, | I10: 83. CH-21 (EXTRA CLASS CHAIR (LEFT-HANDED) D=800x550mm))
B11: dll), mobilisasi dan demobilisasi | I11: 86. CH-10 (CHAIR)
B12: Dudukan Indoor AC | I12: 88. CH-07 (CHAIR)
B13: Dudukan outdoor AC | I13: 91. CH-05 (CHAIR)
B14: Freon R 410 A 18 Hp | I14: 93. CH-09 (LECTURER CHAIR)
B15: Drain pan 18 HP + Isolasi THK 8mm | I15: 94. CH-13 (CHAIR)
A16: 5. Stasiun pengisian kendaraan listrik umum (SPKLU) Mobil 60 KW | I16: 97. CH-09 (WORKING CHAIR)
A17: 6. Modular UPS N+1 (250 kVA) | I17: 100. CH-01 (ARM CHAIR)
A18: 7. Videotron Auditorium Besar | I18: 101. CH-02 (ARM CHAIR)
A19: 8. Server VM 32 Core | I19: 106. CH-04b (CHAIR TIPE 2)
A20: 9. Lift TKDN Kapasitas 1350 kg 2 Lantai | I20: 109. CH-04 (CHAIR TIPE 1)
A21: 10. Server Storage 24 Tera : QNAP TS-1273AU-RP-8G + 2 TB x 12 | I21: 115. CH-06 (CHAIR)
I22: 116. CH-14 (BAR CHAIR)
A23: 12. 80LT 300bar Cylinder Valve Assembly | I23: 118. CH-09 (CHAIR)
A24: 13. Videotron Auditorium Kecil | I24: 119. CH-01 (LECTURER CHAIR
A25: 14. C9300L-24T-4X-A Catalyst 9300L 24 P data, Network Essentials, | I25: 88. CH-07 (CHAIR)
A26: 4x10G Uplink
A27: 15. LED Downlight I-Series 20,5W 3000K
A28: 16. Speaker Line Array 3way 16 Ohm | I28: 59. CB-03 (CABINET 2800x500x1600mm)
A29: 17. Panel Active Harmonic Filter 380V 250A, lengkap dengan: | I29: 71. SB-01 (SOFA BED 2000x700mm)
A30: Active Harmonic Filter 150A | I30: 75. TB-11 (TABLE D=1400x750mm)
A31: Active Harmonic Filter 100A | I31: 102. TB-13 (TABLE D=800x750mm)
A32: Panel Circuit Breaker and Panel for AHF (inc asesories) 1 Unit | I32: 103. LA-01 (FlOOR LAMP)
A33: Dimensi : 2100 x 800 x 1000 mm | I33: 104. TB-08 (TABLE D=600x450mm)
A34: MCCB NSX 200A 3P 36KA | I34: 105. TB-15 (LECTURER TABLE D=1400x700mm)
A35: MCCB NSX 125A 3P 36KA
A36: Current Transformer : 400Hz Class 1 Clamp On (3xPhase) | I36: 107. TB-12 (TABLE D=1200x600x1100mm)
A37: 18. Videotron Sport Hall | I37: 108. SB-04 (SOFA BED 600x700x800mm)
A38: 19. Data Node Server Big Data
A39: 20. SFP+ 10G | I39: 110. BAR-02 (BAR TABLE 4000+3000x600x900mm)
A40: 21. Lampu LED 24500 lumen 5000K 245W | I40: 111. TB-15 (TABLE 1200x600x750mm)
A41: 22. LED Spot Track Light | I41: 112. TB-03 (TABLE D=800x750mm)
A42: 23. Kursi sport hall | I42: 113. TB-13 (Mimbar)
A43: 24. Straight Length | I43: 114. TB-13 (TABLE 2800x1200x750mm)
A44: 25. LED Flexible Strip Light 10W/M 3000K
A45: 26. Panel Active Harmonic Filter 380V 150A, lengkap dengan:
B46: Active Harmonic Filter 150A | I46: 117. SB-10 (OTTOMAN)
B47: Panel Circuit Breaker and Panel for AHF (inc asesories)
B48: Dimensi : 2100 x 800 x 800 mm | I48: 89. TB-07 (TABLE D=1400x750mm)
B49: MCCB NSX 200A 3P 36KA | I49: 90. TB-03 (TABLE D=350x550mm)
B50: Current Transformer : 400Hz Class 1 Clamp On (3xPhase)
A51: 27. ACB 5000 A/100 kA/3P | I51: 92. TB-10 (TABLE 2400x1200x750mm)
A52: 28. Lift TKDN Kapasitas 1600 kg 3 Lantai
A53: 29. Switch 48 Port POE
A54: 30. Kabel FRC 16 mm² | I54: 95. SB-02 (SOFA BED 02)
A55: 31. Lampu LED 67200 lumen 5000K 640W | I55: 96. TB-17 (TABLE D=500x450mm)
A56: 32. Lampu LED 40800 lumen 5000K 310W
A57: 33. Speaker Sub Woofer 21" 4 Ohm | I57: 98. TB-01 (TABLE D=1000x380mm)
A58: 34. Unit ATS (Automatic Transfer Switch) 4 Pole 5000 Ampere
A59: lengkap dengan Battery Charger, AMF Modul dan Kontrol Relay
A60: 35. Bak Sampah Alumunium Sheet Perforated Anodized
A61: 36. Electric / Motorized Chain Block 18unit
A62: Lengkap dengan instalasi dan sistem kontrol
A63: 37. Movable Chain Hoist Control 8Ch (termasuk asesoris dan
A64: instalasi)
A65: 38. Unit Sentral IP Telepon (IP PBX)
A66: 39. LED Uplight Recessed 14W Tunable White
A67: 40. LED Inground Light 16W 4000K
A68: 41. Dispenser SPAM
A69: 42. LED Flood Light Vegetation 10W 3000K
... A139: 99. Pipa Galvanis diameter 3"

Sheet Hrg Sat
A1: DAFTAR HARGA SATUAN PEKERJAAN
A2: =Analisa!A3 -> TAHUN 2025
A5: No | B5: KODE | E5: Uraian | G5: Harga Satuan
A7: =Analisa!A11 | B7: =Analisa!B10 -> A.2.2.1 | C7: =Analisa!A10 -> A | E7: =Analisa!D10 -> HARGA SATUAN PEKERJAAN PERSIAPAN
A8: =Analisa!A12 -> 1 | B8: =Analisa!B12 -> A.2.2.1.2 | D8: =Analisa!C12 -> a | E8: =Analisa!D12 -> Pembuatan 1 m' pagar sementara dari seng gelombang tinggi 2 m' | F8: Rp. | G8: =Analisa!N31 -> 395422
B9: =Analisa!B33 -> A.2.2.1.2a | D9: =Analisa!C33 -> b | E9: =Analisa!D33 -> Pembuatan 1 m' pagar sementara dari seng gelombang tinggi 2 m' (sewa) | F9: Rp. | G9: =Analisa!N34 -> 329518.33
A10: =Analisa!A37 -> 2 | B10: =Analisa!B37 -> A.2.2.1.4 | E10: =Analisa!D37 -> Pengukuran dan pemasangan 1 m' Bouwplank | F10: Rp. | G10: =Analisa!N52 -> 62700
A11: =Analisa!A56 -> 3 | B11: =Analisa!B56 -> A.2.2.1.9 | E11: =Analisa!D56 -> Pembersihan 1 m2 lapangan dan perataan | F11: Rp. | G11: =Analisa!N64 -> 22000
A12: =Analisa!A66 -> 4 | B12: =Analisa!B66 -> A.2.2.1.14 | E12: =Analisa!D66 -> Pembongkaran 1 m3 dinding tembok bata | F12: Rp. | G12: =Analisa!N74 -> 971657
A13: =Analisa!A98 -> 0 | B13: =Analisa!B98 -> 0 | E13: =Analisa!D76 -> 1 m2 Kantor sementara/ Rumah jaga/ Gudang semen dan peralatan lantai plesteran, dinding setengah tembok (sewa) | F13: Rp. | G13: =Analisa!N102 -> 1587657
A14: =Analisa!A105 -> 6 | B14: =Analisa!B105 -> Dihit.2 | E14: =Analisa!D105 -> Listrik kerja per bulan ( kebutuhan bahan bakar genset ) | F14: Rp. | G14: =Analisa!N111 -> 5346000
A15: =Analisa!A113 -> 7 | B15: =Analisa!B113 -> Dihit.3 | E15: =Analisa!D113 -> Biaya sewa 1 unit tower crane selama 8 bulan | F15: Rp. | G15: =Analisa!N125 -> 1.407649e+09
A16: =Analisa!A127 -> 8 | B16: =Analisa!B127 -> Dihit.4 | E16: =Analisa!D127 -> Biaya sewa 1 unit hoist lift/ lift barang selama 4 bulan | F16: Rp. | G16: =Analisa!N137 -> 105125000
B17: =Analisa!B139 -> A.2.3.1 | C17: =Analisa!A139 -> B | E17: =Analisa!D139 -> HARGA SATUAN PEKERJAAN TANAH
A18: =Analisa!A141 -> 9 | B18: =Analisa!B141 -> A.2.3.1.1 | E18: =Analisa!D141 -> Penggalian 1 m3 tanah biasa sedalam 1 m | F18: Rp. | G18: =Analisa!N149 -> 53625
A19: =Analisa!A151 -> 10 | B19: =Analisa!B151 -> A.2.3.1.2 | E19: =Analisa!D151 -> Penggalian 1 m3 tanah biasa sedalam 2 m | F19: Rp. | G19: =Analisa!N162 -> 395175
A20: =Analisa!A164 -> 11 | B20: =Analisa!B164 -> A.2.3.1.3 | E20: =Analisa!D164 -> Penggalian 1 m3 tanah biasa sedalam 3 m | F20: Rp. | G20: =Analisa!N174 -> 419430
A21: =Analisa!A176 -> 12 | B21: =Analisa!B176 -> A.2.3.1.9 | E21: =Analisa!D176 -> Pengurugan kembali 1 m3 Pengurugan kembali 1 m3 galian tanah | F21: Rp. | G21: =ROUNDDOWN(G18/2,0) -> 26812
A22: =Analisa!A180 -> 13 | B22: =Analisa!B180 -> A.2.3.1.11 | E22: =Analisa!D180 -> Pengurugan 1 m3 dengan Pasir urug | F22: Rp. | G22: =Analisa!N191 -> 293700
A23: =Analisa!A193 -> 14 | B23: =Analisa!B193 -> A.2.3.1.14 | E23: =Analisa!D193 -> Mengurug sirtu padat | F23: Rp. | G23: =Analisa!N204 -> 289300
A24: =Analisa!A206 -> 15 | B24: =Analisa!B206 -> A.2.3.1.14a | E24: =Analisa!D206 -> Pengurugan 1 m3 Tanah | F24: Rp. | G24: =Analisa!N217 -> 97900
A25: =Analisa!A219 -> 16 | B25: =Analisa!B219 -> Dihit.5 | E25: =Analisa!D219 -> Mengurug tanah dan pemadatan alat sederhana per m3 | F25: Rp. | G25: =Analisa!N233 -> 81708
A26: =Analisa!A235 -> 17 | B26: =Analisa!B235 -> Dihit.6 | E26: =Analisa!D235 -> Mengurug tanah ( tanah existing ) dan pemadatan alat sederhana per m3 | F26: Rp. | G26: =Analisa!N245 -> 47883
A27: =Analisa!A247 -> 18 | B27: =Analisa!B247 -> A.2.3.1.17a | E27: =Analisa!D247 -> Pengurugan 1 M3 tanah urug (mendatangkan) dan dipadatkan ( alat mekanis ) | F27: Rp. | G27: =Analisa!N266 -> 265355
A28: =Analisa!A268 -> 19 | B28: =Analisa!B268 -> A.2.3.1.17b | E28: =Analisa!D268 -> Pengurugan 1 M3 tanah urug (menggunakan tanah existing) dan dipadatkan ( alat mekanis ) | F28: Rp. | G28: =Analisa!N287 -> 205955
A29: =Analisa!A289 -> 20 | B29: =Analisa!B289 -> A.2.3.1.8 | E29: =Analisa!D289 -> 1 m3 MembuangTanah sejauh 30 m' | F29: Rp. | G29: =Analisa!N297 -> 47025
A30: =Analisa!A299 -> 21 | B30: =Analisa!B299 -> A.2.3.1.10 | E30: =Analisa!D299 -> 1 m3 Pemadatan Tanah (per 20 cm) | F30: Rp. | G30: =Analisa!N307 -> 77000
A31: =Analisa!A309 -> 22 | B31: =Analisa!B309 -> Dihit.7 | E31: =Analisa!D309 -> 1 m3 Galian tanah keras dibuang di sekitar lokasi pekerjaan (mekanis) | F31: Rp. | G31: =Analisa!N321 -> 9043
A32: =Analisa!A323 -> 23 | B32: =Analisa!B323 -> Dihit.8 | E32: =Analisa!D323 -> 1 m3 Tanah di hamparkan, diratakan, di rapihkan dan di padatkan ( alat mekanis ) | F32: Rp. | G32: =Analisa!N336 -> 29070
A33: =Analisa!A338 -> 24 | B33: =Analisa!B338 -> Dihit.9 | E33: =Analisa!D338 -> 1 m3 Tanah di angkut sejauh 5 km | F33: Rp. | G33: =Analisa!N357 -> 32450
A34: =Analisa!A359 -> 25 | B34: =Analisa!B359 -> Dihit. | E34: =Analisa!D359 -> 1 m2 Pembongkaran dinding eksisting | F34: Rp. | G34: =Analisa!N370 -> 119542
B35: =Analisa!B375 -> A.3.2.1 | C35: =Analisa!A375 -> C | E35: =Analisa!D375 -> HARGA SATUAN PEKERJAAN PONDASI
A36: =Analisa!A377 -> 26 | B36: =Analisa!B377 -> A.3.2.1.3 | E36: =Analisa!D377 -> Pemasangan 1 m3 pondasi batu belah campuran 1SP : 5PP | F36: Rp. | G36: =Analisa!N392 -> 770437
A37: =Analisa!A394 -> 27 | B37: =Analisa!B394 -> A.3.2.1.9 | E37: =Analisa!D394 -> Pemasangan 1 m3 batu kosong (anstamping) | F37: Rp. | G37: =Analisa!N408 -> 551908
B38: =Analisa!B410 -> A.4.1.1 | C38: =Analisa!A410 -> D | E38: =Analisa!D410 -> SATUAN PEKERJAAN BETON
A39: =Analisa!A412 -> 28 | B39: =Analisa!B412 -> A.4.1.1.4 | E39: =Analisa!D412 -> Membuat 1 m3 lantai kerja beton mutu f'c = 7,4 MPa (K 100) slump (3-6) cm w/c = 0,87 | F39: Rp. | G39: =Analisa!N428 -> 935322
A40: =Analisa!A430 -> 29 | B40: =Analisa!B430 -> A.4.1.1.5 | E40: =Analisa!D430 -> Membuat 1 m3 beton mutu f'c = 14,5 MPa (K 175) slump (12± 2) cm w/c = 0,66 | F40: Rp. | G40: =Analisa!N446 -> 1121968
A41: =Analisa!A448 -> 30 | B41: =Analisa!B448 -> A.4.1.1.8 | E41: =Analisa!D448 -> Membuat 1 m3 beton mutu f'c = 21,7 MPa (K 250) slump (12±2) cm w/c = 0,56 | F41: Rp. | G41: =Analisa!N464 -> 1191360
A42: =Analisa!A466 -> 31 | B42: =Analisa!B466 -> A.4.1.1.10 | E42: =Analisa!D466 -> Membuat 1 m3 beton mutu f'c = 26,4 MPa (K 300) slump (12±2) cm w/c = 0,52 | F42: Rp. | G42: =Analisa!N482 -> 1225084
A43: =Analisa!A484 -> 32 | B43: =Analisa!B484 -> A.4.1.1.12 | E43: =Analisa!D484 -> Membuat 1 m3 beton mutu f'c = 31,2 MPa (K 350) slump (12±2) cm w/c = 0,48 | F43: Rp. | G43: =Analisa!N500 -> 1343575
A44: =Analisa!A502 -> 33 | B44: =Analisa!B502 -> Dihit.10 | E44: =Analisa!D502 -> Pengecoran 1 m3 Beton Mutu f'c=30 Mpa - ready mix | F44: Rp. | G44: =Analisa!N516 -> 1164735
A45: =Analisa!A518 -> 34 | B45: =Analisa!B518 -> Dihit.10a | E45: =Analisa!D518 -> Pengecoran 1 m3 Beton Mutu Fc' 35 Mpa - ready mix | F45: Rp. | G45: =Analisa!N532 -> 1192785
A46: =Analisa!A534 -> 35 | B46: =Analisa!B534 -> Dihit.11 | E46: =Analisa!D534 -> Pengecoran 1 m3 Beton Mutu f'c=25 Mpa (K300) - ready mix + waterproofing integral | F46: Rp. | G46: =Analisa!N549 -> 1225235
A47: =Analisa!A551 -> 36 | B47: =Analisa!B551 -> A.4.1.1.17 | E47: =Analisa!D551 -> 1 kg Pembesian dengan besi polos | F47: Rp. | G47: =Analisa!N565 -> 14237
A48: =Analisa!A567 -> 37 | B48: =Analisa!B567 -> A.4.1.1.17a | E48: =Analisa!D567 -> 1 kg Pembesian dengan besi ulir | F48: Rp. | G48: =Analisa!N581 -> 14352
A49: =Analisa!A583 -> 38 | B49: =Analisa!B583 -> D.01.02 | E49: =Analisa!D583 -> Pengerjaan 1 meter Pengelasan dengan Las Listrik | F49: Rp. | G49: =Analisa!N600 -> 29265
A50: =Analisa!A609 -> 39 | B50: =Analisa!B609 -> A.4.2.1.2 | E50: =Analisa!D609 -> Pekerjaan 1 kg pemasangan konstruksi baja siku / profil / IWF | F50: Rp. | G50: =Analisa!N623 -> 26387
A51: =Analisa!A625 -> 40 | B51: =Analisa!B625 -> A.4.2.1.3 | E51: =Analisa!D625 -> Pekerjaan 1 kg perakitan konstruksi baja siku / profil / IWF | F51: Rp. | G51: =Analisa!N640 -> 1144
A52: =Analisa!A642 -> 41 | B52: =Analisa!B642 -> Dihit.12 | E52: =Analisa!D642 -> Pekerjaan 1 kg perakitan & pemasangan dan pengecatan konstruksi baja siku / profil | F52: Rp. | G52: =Analisa!N649 -> 29031
E53: Pekerjaan 1 kg perakitan & pemasangan konstruksi galvanis | F53: Rp. | G53: =$G$52*1.6 -> 46449.6
A54: =Analisa!A651 -> 42 | B54: =Analisa!B651 -> A.4.1.1.20 | E54: =Analisa!D651 -> Pemasangan 1 m2 bekisting untuk pondasi | F54: Rp. | G54: =Analisa!N666 -> 157157
A55: =Analisa!A668 -> 43 | B55: =Analisa!B668 -> A.4.1.1.21 | E55: =Analisa!D668 -> Pemasangan 1 m2 bekisting untuk sloof ( 2x pakai ) | F55: Rp. | G55: =Analisa!N684 -> 113375.43
A56: =Analisa!A686 -> 44 | B56: =Analisa!B686 -> A.4.1.1.22 | E56: =Analisa!D686 -> Pemasangan 1 m2 bekisting untuk kolom ( 2x pakai ) | F56: Rp. | G56: =Analisa!N705 -> 167329
A57: =Analisa!A707 -> 45 | B57: =Analisa!B707 -> A.4.1.1.23 | E57: =Analisa!D707 -> Pemasangan 1 m2 bekisting untuk balok ( 2x pakai ) | F57: Rp. | G57: =Analisa!N726 -> 205188
A58: =Analisa!A728 -> 46 | B58: =Analisa!B728 -> A.4.1.1.24 | E58: =Analisa!D728 -> Pemasangan 1 m2 bekisting untuk lantai ( 2x pakai ) | F58: Rp. | G58: =Analisa!N747 -> 228646
A59: =Analisa!A749 -> 47 | B59: =Analisa!B749 -> A.4.1.1.25 | E59: =Analisa!D749 -> Pemasangan 1 m2 bekisting untuk dinding ( 2x pakai ) | F59: Rp. | G59: =Analisa!N769 -> 207608
A60: =Analisa!A771 -> 48 | B60: =Analisa!B771 -> A.4.1.1.26 | E60: =Analisa!D771 -> Pemasangan 1 m2 bekisting untuk tangga ( 2x pakai ) | F60: Rp. | G60: =Analisa!N790 -> 192566
A61: =Analisa!A792 -> 49 | B61: =Analisa!B792 -> A.4.1.1.35 | E61: =Analisa!D792 -> Membuat 1 m' kolom praktis beton bertulang (11x11) cm | F61: Rp. | G61: =Analisa!N813 -> 78397
A62: =Analisa!A815 -> 50 | B62: =Analisa!B815 -> A.4.1.1.36 | E62: =Analisa!D815 -> Membuat 1 m' ring balok praktis beton bertulang (10x15) cm | F62: Rp. | G62: =Analisa!N836 -> 103429
A63: =Analisa!A838 -> 51 | B63: =Analisa!B838 -> A.4.1.1.36 | E63: =Analisa!D838 -> Membuat 1 m' sloof praktis beton bertulang (15x20) cm | F63: Rp. | G63: =Analisa!N859 -> 121249
A64: =Analisa!A861 -> 52 | B64: =Analisa!B861 -> Dihit.13 | D64: =Analisa!C861 -> 1 | E64: =Analisa!D861 -> Membuat 1m3 Rabat beton / lantai kerja campuran 1PC : 3PS : 5KR | F64: Rp. | G64: =Analisa!N876 -> 920634
B65: =Analisa!B878 -> Dihit.13a | D65: =Analisa!C878 -> 2 | E65: =Analisa!D878 -> Membuat 1m2 Rabat beton / lantai kerja campuran 1PC : 3PS : 5KR t = 8 cm + plester aci | F65: Rp. | G65: =Analisa!N885 -> 91292
B66: =Analisa!B887 -> Dihit.14 | D66: =Analisa!C887 -> 1 | E66: =Analisa!D887 -> Membuat 1 m3 beton mutu f'c = 7,4 Mpa (K 100) atau setara 1Pc : 2Pb : 3Kr (beton praktis) | F66: Rp. | G66: =Analisa!N902 -> 947287
B67: =Analisa!B904 -> Dihit.14a | D67: =Analisa!C904 -> 2 | E67: =Analisa!D904 -> Membuat 1 m3 beton praktis 1Pc : 2Pb : 3Kr, besi, begesting | F67: Rp. | G67: =Analisa!N911 -> 3649714
B68: =Analisa!B913 -> Dihit.14b | D68: =Analisa!C913 -> 3 | E68: =Analisa!D913 -> Membuat 1 m' beton praktis 1Pc : 2Pb : 3Kr, besi, begesting (sloof praktis 15x20) | F68: Rp. | G68: =Analisa!N920 -> 151645
B69: =Analisa!B922 -> Dihit.14c | D69: =Analisa!C922 -> 4 | E69: =Analisa!D922 -> Membuat 1 m' beton praktis 1Pc : 2Pb : 3Kr, besi, begesting (kolom praktis 15x15) | F69: Rp. | G69: =Analisa!N929 -> 103589
B70: =Analisa!B931 -> Dihit.14d | D70: =Analisa!C931 -> 5 | E70: =Analisa!D931 -> Membuat 1 m' beton praktis 1Pc : 2Pb : 3Kr, besi, begesting (balok praktis 15x15) | F70: Rp. | G70: =Analisa!N938 -> 118631
B71: =Analisa!B949 -> A.4.2.1 | C71: =Analisa!A949 -> E | E71: =Analisa!D949 -> SATUAN PEKERJAAN BESI DAN ALUMUNIUM
A72: =Analisa!A951 -> 54 | B72: =Analisa!B951 -> A.4.2.1.11 | E72: =Analisa!D951 -> Pemasangan 1 m' Pemasangan alumunium kusen pintu powder coating 4" | F72: Rp. | G72: =Analisa!N966 -> 194951
A73: =Analisa!A987 -> 55 | B73: =Analisa!B987 -> A.4.2.1.11a | E73: =Analisa!D987 -> Pemasangan 1 m' kusen jendela aluminium mulion 5x10 cm | F73: Rp. | G73: =Analisa!N1002 -> 190457
A74: =Analisa!A1004 -> 56 | B74: =Analisa!B1004 -> Dihit | E74: =Analisa!D1004 -> Pemasangan 1 m' kusen double teakwood lapis melamin | F74: Rp. | G74: =Analisa!N1019 -> 154157
A75: =Analisa!A1022 -> 57 | B75: =Analisa!B1022 -> A.4.2.1.13 | E75: =Analisa!D1022 -> Pekerjaan 1 m' Pemasangan alumunium Frame Daun Pintu Kaca Powder Coating | F75: Rp. | G75: =Analisa!N1037 -> 805788
A76: =Analisa!A1039 -> 58 | B76: =Analisa!B1039 -> A.4.2.1.13 | E76: =Analisa!D1039 -> Pekerjaan 1 m' Pemasangan alumunium Frame Daun Jendela Kaca Powder Coating | F76: Rp. | G76: =Analisa!N1054 -> 805788
A77: =Analisa!A1102 -> 56 | B77: =Analisa!B1102 -> A.4.2.1.20 | E77: =Analisa!D1102 -> Pemasangan 1 m2 rangka besi hollow 1x40.40.2mm, modul 60 x 120 cm, dinding partisi | F77: Rp. | G77: =Analisa!N1116 -> 227782
A78: =Analisa!A1118 -> 57 | B78: =Analisa!B1118 -> A.4.2.1.21 | E78: =Analisa!D1118 -> Pemasangan 1 m2 rangka besi hollow 1x40.40.2mm, modul 60 x 120 cm, plafon | F78: Rp. | G78: =Analisa!N1132 -> 133237
A79: =Analisa!A1134 -> 58 | B79: =Analisa!B1134 -> Dihit.15 | E79: =Analisa!D1134 -> Pemasangan 1 m2 rangka metal furing, modul 60 x 60 cm, plafon | F79: Rp. | G79: =Analisa!N1148 -> 68242
B80: =Analisa!B1150 -> A.4.4.1 | C80: =Analisa!A1150 -> F | E80: =Analisa!D1150 -> HARGA SATUAN PEKERJAAN PASANGAN DINDING
A81: =Analisa!A1152 -> 59 | B81: =Analisa!B1152 -> A.4.4.1.25 | E81: =Analisa!D1152 -> 1 m2 Pemasangan dinding bata ringan tebal 10 cm dengan mortar siap pakai | F81: Rp. | G81: =Analisa!N1166 -> 137597
A82: =Analisa!A1168 -> 60 | B82: =Analisa!B1168 -> Dihit. | E82: =Analisa!D1168 -> 1 m2 Pemasangan dinding bata tahan api 230 x 114 x 65 | F82: Rp. | G82: =Analisa!$N$1182 -> 460145
A83: =Analisa!A1187 -> 61 | B83: =Analisa!B1187 -> A.4.4.1.8 | D83: =Analisa!C1187 -> 0 | E83: =Analisa!D1187 -> Pemasangan 1m2 dinding bata merah (5x11x22) cm tebal ½ batu campuran 1SP : 3PP | F83: Rp. | G83: =Analisa!N1202 -> 181788
B84: =Analisa!B1207 -> A.4.4.1.8a | D84: =Analisa!C1207 -> b | E84: =Analisa!E1207 -> 1 m3 pasangan batu bata 1 : 3 | F84: Rp. | G84: =Analisa!H1207 -> 1514900
A85: =Analisa!A1209 -> 62 | B85: =Analisa!B1209 -> A.4.4.1.10 | D85: =Analisa!C1209 -> a | E85: =Analisa!D1209 -> Pemasangan 1m2 dinding bata merah (5x11x22)cm tebal ½ batu campuran 1SP : 5PP | F85: Rp. | G85: =Analisa!N1224 -> 176522
B86: =Analisa!B1230 -> A.4.4.1.10a | D86: =Analisa!C1230 -> b | E86: =Analisa!E1230 -> 1 m3 pasangan batu bata 1 : 5 | F86: Rp. | G86: =Analisa!H1230 -> 1471016
A87: =Analisa!A1232 -> 63 | B87: =Analisa!B1232 -> A.4.4.1.23 | E87: =Analisa!D1232 -> Pemasangan 1m2 Pemasangan Dinding Terawang (Rooster) Uk, (12x11x24)cm Camp. 1SP : 4PP | F87: Rp. | G87: =Analisa!N1247 -> 548487
B88: =Analisa!B1253 -> A.4.4.2 | C88: =Analisa!A1253 -> G | E88: =Analisa!D1253 -> HARGA SATUAN PEKERJAAN PLESTERAN
A89: =Analisa!A1255 -> 64 | B89: =Analisa!B1255 -> A.4.4.2.3 | E89: =Analisa!D1255 -> Pemasangan 1 m2 plesteran 1SP : 3PP tebal 15mm. | F89: Rp. | G89: =Analisa!N1269 -> 84524
A90: =Analisa!A1271 -> 65 | B90: =Analisa!B1271 -> A.4.4.2.5 | E90: =Analisa!D1271 -> Pemasangan 1 m2 plesteran 1SP : 5PP tebal 15 mm | F90: Rp. | G90: =Analisa!N1285 -> 81669
A91: =Analisa!A1305 -> 67 | B91: =Analisa!B1305 -> A.4.4.2.28 | E91: =Analisa!D1305 -> 1 m2 Pemasangan Plesteran dg Mortar Siap Pakai (MSP) | F91: Rp. | G91: =Analisa!$N$1318 -> 99227
A92: =Analisa!A1287 -> 66 | B92: =Analisa!B1287 -> Dihit.16 | E92: =Analisa!F1303 -> 1 m' plesteran sudut | F92: Rp. | G92: =Analisa!N1303 -> 17338
A93: =Analisa!A1320 -> 68 | B93: =Analisa!B1320 -> A.4.4.2.27 | E93: =Analisa!D1320 -> Pemasangan 1 m2 acian. | F93: Rp. | G93: =Analisa!N1333 -> 27266
A94: =Analisa!A1335 -> 69 | B94: =Analisa!B1335 -> Hit. | E94: =Analisa!D1335 -> 1 m2 Pekerjaan Plesteran SkimCoat | F94: Rp. | G94: =Analisa!N1349 -> 61729
A95: =Analisa!A1351 -> 70 | B95: =Analisa!B1351 -> Hit. | E95: =Analisa!D1351 -> 1 m2 Pekerjaan Waterproofing Coating | F95: Rp. | G95: =Analisa!N1366 -> 75317
B96: =Analisa!B1369 -> A.4.4.3 | C96: =Analisa!A1369 -> H | E96: =Analisa!D1369 -> HARGA SATUAN PEKERJAAN PENUTUP LANTAI DAN PENUTUP DINDING
A97: =Analisa!A1371 -> 71 | B97: =Analisa!B1371 -> Dihit.17a | E97: =Analisa!D1371 -> Pemasangan 1m2 keramik ukuran 20cm x 20cm polished | F97: Rp. | G97: =Analisa!N1387 -> 251350
A98: =Analisa!A1389 -> 72 | B98: =Analisa!B1389 -> Dihit.17a | E98: =Analisa!D1389 -> Pemasangan 1 m2 lantai keramik uk. 30x30 cm (1SP : 2PP) | F98: Rp. | G98: =Analisa!N1405 -> 206784
A99: =Analisa!A1408 -> 73 | B99: =Analisa!B1408 -> Dihit.17b | E99: =Analisa!D1408 -> Pemasangan 1m2 keramik ukuran 40cm x 40cm polished | F99: Rp. | G99: =Analisa!N1424 -> 219725
A100: =Analisa!A1426 -> 74 | B100: =Analisa!B1426 -> Dihit.17c | E100: =Analisa!D1426 -> Pemasangan 1 m2 homogeneous tile ukuran 60cm x 60cm (polished) | F100: Rp. | G100: =Analisa!N1442 -> 336943
A101: =Analisa!A1444 -> 75 | B101: =Analisa!B1444 -> Dihit.17d | E101: =Analisa!D1444 -> Pemasangan 1 m2 homogeneous tile ukuran 60cm x 60cm (matte) | F101: Rp. | G101: =Analisa!N1460 -> 342773
A102: =Analisa!A1462 -> 76 | B102: =Analisa!B1462 -> Dihit.17e | E102: =Analisa!D1462 -> Pemasangan 1 m2 homogeneous tile ukuran 30cm x 60cm (polished) | F102: Rp. | G102: =Analisa!N1478 -> 394396
A103: =Analisa!A1480 -> 77 | B103: =Analisa!B1480 -> Dihit.17f | E103: =Analisa!D1480 -> Pemasangan 1 m2 homogeneous tile ukuran 30cm x 60cm (unpolished) | F103: Rp. | G103: =Analisa!N1496 -> 388566
...

Sheet Hit. ME
A1: ANALISA HARGA SATUAN MEKANIKAL DAN ELEKTRIKAL
A5: NO | B5: URAIAN PEKERJAAN | C5: SAT | D5: HSP | E5: Jasa Pasang | F5: Alat Bantu | G5: Harga satuan | H5: KETERANGAN
A7: 1 | B7: KABEL TRAY
B8: Alat bantu & penunjang | C8: % | H8: 2
B9: Jasa pasang & instalasi | C9: % | H9: 3.5
B10: ='[141]00-INSTALASI (2)'!$A$11 -> Keuntungan+Over head | C10: % | H10: 10
B11: Weist | C11: % | H11: 1.5
B13: Kabel Tray :
B14: ▪ Kabel Tray, uk. 100 mm x 100 mm | C14: m' | D14: =SUM(E14:G14)*(1+($H$10/100)) -> 212371.5 | E14: =(G14*$H$9)/100 -> 6405 | F14: =(G14*$H$8)/100 -> 3660 | G14: 183000
B15: ▪ Kabel Tray, uk. 150 mm x 100 mm | C15: m' | D15: =SUM(E15:G15)*(1+($H$10/100)) -> 225137 | E15: =(G15*$H$9)/100 -> 6790 | F15: =(G15*$H$8)/100 -> 3880 | G15: 194000
B16: ▪ Kabel Tray, uk. 200 mm x 100 mm | C16: m' | D16: =SUM(E16:G16)*(1+($H$10/100)) -> 238289.33 | E16: =(G16*$H$9)/100 -> 7186.6667 | F16: =(G16*$H$8)/100 -> 4106.6667 | G16: =[142]BAHAN!G783 -> 205333.33
B17: ▪ Kabel Tray, uk. 300 mm x 100 mm | C17: m' | D17: =SUM(E17:G17)*(1+($H$10/100)) -> 297861.67 | E17: =(G17*$H$9)/100 -> 8983.3333 | F17: =(G17*$H$8)/100 -> 5133.3333 | G17: =[142]BAHAN!G784 -> 256666.67
B18: ▪ Kabel Tray, uk. 400 mm x 100 mm | C18: m' | D18: =SUM(E18:G18)*(1+($H$10/100)) -> 357434 | E18: =(G18*$H$9)/100 -> 10780 | F18: =(G18*$H$8)/100 -> 6160 | G18: =[142]BAHAN!G785 -> 308000
B19: ▪ Kabel Tray, uk. 500 mm x 100 mm | C19: m' | D19: =SUM(E19:G19)*(1+($H$10/100)) -> 476965.5 | E19: =(G19*$H$9)/100 -> 14385 | F19: =(G19*$H$8)/100 -> 8220 | G19: 411000
B20: ▪ Kabel Tray, uk. 600 mm x 100 mm | C20: m' | D20: =SUM(E20:G20)*(1+($H$10/100)) -> 546595.5 | E20: =(G20*$H$9)/100 -> 16485 | F20: =(G20*$H$8)/100 -> 9420 | G20: 471000
B21: ▪ Kabel Tray, uk. 700 mm x 100 mm | C21: m' | D21: =SUM(E21:G21)*(1+($H$10/100)) -> 706744.5 | E21: =(G21*$H$9)/100 -> 21315 | F21: =(G21*$H$8)/100 -> 12180 | G21: 609000
B22: ▪ Kabel Tray, uk. 800 mm x 100 mm | C22: m' | D22: =SUM(E22:G22)*(1+($H$10/100)) -> 754325 | E22: =(G22*$H$9)/100 -> 22750 | F22: =(G22*$H$8)/100 -> 13000 | G22: 650000
B23: ▪ Kabel Tray, uk. 900 mm x 100 mm | C23: m' | D23: =SUM(E23:G23)*(1+($H$10/100)) -> 928400 | E23: =(G23*$H$9)/100 -> 28000 | F23: =(G23*$H$8)/100 -> 16000 | G23: 800000
B24: ▪ Kabel Tray, uk. 1000 mm x 100 mm | C24: m' | D24: =SUM(E24:G24)*(1+($H$10/100)) -> 1102475 | E24: =(G24*$H$9)/100 -> 33250 | F24: =(G24*$H$8)/100 -> 19000 | G24: 950000
B26: ▪ Kabel Tray, uk. 100 mm x 50 mm | C26: m' | D26: =SUM(E26:G26)*(1+($H$10/100)) -> 198445.5 | E26: =(G26*$H$9)/100 -> 5985 | F26: =(G26*$H$8)/100 -> 3420 | G26: 171000
B27: ▪ Kabel Tray, uk. 150 mm x 50 mm | C27: m' | D27: =SUM(E27:G27)*(1+($H$10/100)) -> 221655.5 | E27: =(G27*$H$9)/100 -> 6685 | F27: =(G27*$H$8)/100 -> 3820 | G27: 191000
B28: ▪ Kabel Tray, uk. 200 mm x 50 mm | C28: m' | D28: =SUM(E28:G28)*(1+($H$10/100)) -> 246026 | E28: =(G28*$H$9)/100 -> 7420 | F28: =(G28*$H$8)/100 -> 4240 | G28: 212000
B29: ▪ Kabel Tray, uk. 300 mm x 50 mm | C29: m' | D29: =SUM(E29:G29)*(1+($H$10/100)) -> 308693 | E29: =(G29*$H$9)/100 -> 9310 | F29: =(G29*$H$8)/100 -> 5320 | G29: 266000
B30: ▪ Kabel Tray, uk. 400 mm x 50 mm | C30: m' | D30: =SUM(E30:G30)*(1+($H$10/100)) -> 358594.5 | E30: =(G30*$H$9)/100 -> 10815 | F30: =(G30*$H$8)/100 -> 6180 | G30: 309000
B31: ▪ Kabel Tray, uk. 500 mm x 50 mm | C31: m' | D31: =SUM(E31:G31)*(1+($H$10/100)) -> 424743 | E31: =(G31*$H$9)/100 -> 12810 | F31: =(G31*$H$8)/100 -> 7320 | G31: 366000
... B34: ▪ Kabel Tray, uk. 800 mm x 50 mm | C34: m' | D34: =SUM(E34:G34)*(1+($H$10/100)) -> 706744.5 | E34: =(G34*$H$9)/100 -> 21315 | F34: =(G34*$H$8)/100 -> 12180 | G34: 609000
B36: Kabel Ladder :
B37: ▪ Kabel Tray, uk. 100 mm x 100 mm | C37: m' | D37: =SUM(E37:G37)*(1+($H$10/100)) -> 232100 | E37: =(G37*$H$9)/100 -> 7000 | F37: =(G37*$H$8)/100 -> 4000 | G37: 200000
B38: ▪ Kabel Tray, uk. 150 mm x 100 mm | C38: m' | D38: =SUM(E38:G38)*(1+($H$10/100)) -> 170187.33 | E38: =(G38*$H$9)/100 -> 5132.75 | F38: =(G38*$H$8)/100 -> 2933 | G38: =G40*0.7 -> 146650
B39: ▪ Kabel Tray, uk. 200 mm x 100 mm | C39: m' | D39: =SUM(E39:G39)*(1+($H$10/100)) -> 194499.8 | E39: =(G39*$H$9)/100 -> 5866 | F39: =(G39*$H$8)/100 -> 3352 | G39: 167600
B40: ▪ Kabel Tray, uk. 300 mm x 100 mm | C40: m' | D40: =SUM(E40:G40)*(1+($H$10/100)) -> 243124.75 | E40: =(G40*$H$9)/100 -> 7332.5 | F40: =(G40*$H$8)/100 -> 4190 | G40: 209500
B41: ▪ Kabel Tray, uk. 400 mm x 100 mm | C41: m' | D41: =SUM(E41:G41)*(1+($H$10/100)) -> 406175 | E41: =(G41*$H$9)/100 -> 12250 | F41: =(G41*$H$8)/100 -> 7000 | G41: 350000
B42: ▪ Kabel Tray, uk. 500 mm x 100 mm | C42: m' | D42: =SUM(E42:G42)*(1+($H$10/100)) -> 438669 | E42: =(G42*$H$9)/100 -> 13230 | F42: =(G42*$H$8)/100 -> 7560 | G42: 378000
B43: ▪ Kabel Tray, uk. 600 mm x 100 mm | C43: m' | D43: =SUM(E43:G43)*(1+($H$10/100)) -> 467681.5 | E43: =(G43*$H$9)/100 -> 14105 | F43: =(G43*$H$8)/100 -> 8060 | G43: 403000
B44: ▪ Kabel Tray, uk. 700 mm x 100 mm | C44: m' | D44: =SUM(E44:G44)*(1+($H$10/100)) -> 467681.5 | E44: =(G44*$H$9)/100 -> 14105 | F44: =(G44*$H$8)/100 -> 8060 | G44: 403000
B45: ▪ Kabel Tray, uk. 800 mm x 100 mm | C45: m' | D45: =SUM(E45:G45)*(1+($H$10/100)) -> 540793 | E45: =(G45*$H$9)/100 -> 16310 | F45: =(G45*$H$8)/100 -> 9320 | G45: 466000
B47: KABEL BCC
B48: BCC 6 mm2 (0,06 kg/m) | C48: m' | D48: =SUM(E48:G48)*(1+($H$10/100)) -> 17987.75 | E48: =(G48*$H$9)/100 -> 542.5 | F48: =(G48*$H$8)/100 -> 310 | G48: 15500
B49: BCC 10 mm2 (0,10 kg/m) | C49: m' | D49: =SUM(E49:G49)*(1+($H$10/100)) -> 23442.1 | E49: =(G49*$H$9)/100 -> 707 | F49: =(G49*$H$8)/100 -> 404 | G49: 20200
B50: BCC 16 mm2 (0,16 kg/m) | C50: m' | D50: =SUM(E50:G50)*(1+($H$10/100)) -> 30056.95 | E50: =(G50*$H$9)/100 -> 906.5 | F50: =(G50*$H$8)/100 -> 518 | G50: 25900
B51: BCC 25 mm2 (0,25 kg/m) | C51: m' | D51: =SUM(E51:G51)*(1+($H$10/100)) -> 37484.15 | E51: =(G51*$H$9)/100 -> 1130.5 | F51: =(G51*$H$8)/100 -> 646 | G51: 32300
B52: BCC 35 mm2 (0,35 kg/m) | C52: m' | D52: =SUM(E52:G52)*(1+($H$10/100)) -> 47464.45 | E52: =(G52*$H$9)/100 -> 1431.5 | F52: =(G52*$H$8)/100 -> 818 | G52: 40900
B53: BCC 50 mm2 (0,5 kg/m) | C53: m' | D53: =SUM(E53:G53)*(1+($H$10/100)) -> 55355.85 | E53: =(G53*$H$9)/100 -> 1669.5 | F53: =(G53*$H$8)/100 -> 954 | G53: 47700
B54: BCC 70 mm2 (0,7 kg/m) | C54: m' | D54: =SUM(E54:G54)*(1+($H$10/100)) -> 74155.95 | E54: =(G54*$H$9)/100 -> 2236.5 | F54: =(G54*$H$8)/100 -> 1278 | G54: 63900
B55: BCC 95 mm2 (0,95 kg/m) | C55: m' | D55: =SUM(E55:G55)*(1+($H$10/100)) -> 110943.8 | E55: =(G55*$H$9)/100 -> 3346 | F55: =(G55*$H$8)/100 -> 1912 | G55: 95600
B56: Coaxial Cable 50 mm | C56: m' | D56: =SUM(E56:G56)*(1+($H$10/100)) -> 490775.45 | E56: =(G56*$H$9)/100 -> 14801.5 | F56: =(G56*$H$8)/100 -> 8458 | G56: 422900
B58: Kabel TR NYMHY/NYYHY :
B59: ▪ Kabel TR, NYMHY/NYYHY 2 x 0.75 mm² | C59: m' | D59: =12000+15000 -> 27000 | E59: =(G59*$H$9)/100 -> 220.5 | F59: =(G59*$H$8)/100 -> 126 | G59: 6300
B60: ▪ Kabel TR, NYMHY/NYYHY 2 x 1.5 mm² | C60: m' | D60: =15000+15000 -> 30000 | E60: =(G60*$H$9)/100 -> 343 | F60: =(G60*$H$8)/100 -> 196 | G60: 9800
B61: ▪ Kabel TR, NYMHY/NYYHY 2 x 2.5 mm² | C61: m' | D61: =22500+15000 -> 37500 | E61: =(G61*$H$9)/100 -> 539 | F61: =(G61*$H$8)/100 -> 308 | G61: 15400
B62: ▪ Kabel TR, NYMHY/NYYHY 3 x 1.5 mm² | C62: m' | D62: =30000+15000 -> 45000 | E62: =(G62*$H$9)/100 -> 514.5 | F62: =(G62*$H$8)/100 -> 294 | G62: 14700
B64: Kabel N2XSY :
B65: ▪ Kabel TM, N2XSY 1 x 35 mm² | C65: m' | D65: =SUM(E65:G65)*(1+($H$10/100)) -> 119531.5 | E65: =(G65*$H$9)/100 -> 3605 | F65: =(G65*$H$8)/100 -> 2060 | G65: 103000
B66: ▪ Kabel TM, N2XSY 1 x 50 mm² | C66: m' | D66: =SUM(E66:G66)*(1+($H$10/100)) -> 148544 | E66: =(G66*$H$9)/100 -> 4480 | F66: =(G66*$H$8)/100 -> 2560 | G66: 128000
B67: ▪ Kabel TM, N2XSY 1 x 70 mm² | C67: m' | D67: =SUM(E67:G67)*(1+($H$10/100)) -> 197285 | E67: =(G67*$H$9)/100 -> 5950 | F67: =(G67*$H$8)/100 -> 3400 | G67: 170000
B68: ▪ Kabel TM, N2XSY 3 x 150 mm² | C68: m' | D68: =SUM(E68:G68)*(1+($H$10/100)) -> 1334575 | E68: =(G68*$H$9)/100 -> 40250 | F68: =(G68*$H$8)/100 -> 23000 | G68: 1150000
B70: Kabel FRC :
B71: Surface Mounted LED 1 x 18 Watt | C71: bh | D71: =SUM(E71:G71)*(1+($H$10/100)) -> 319137.5 | E71: =(G71*$H$9)/100 -> 9625 | F71: =(G71*$H$8)/100 -> 5500 | G71: 275000
B72: Surface Mounted LED 1 x 18 Watt + Battery | C72: bh | D72: =SUM(E72:G72)*(1+($H$10/100)) -> 493212.5 | E72: =(G72*$H$9)/100 -> 14875 | F72: =(G72*$H$8)/100 -> 8500 | G72: 425000
B73: Surface Mounted LED Balk Type 2 x 18 Watt (Outbow) | C73: bh | D73: =SUM(E73:G73)*(1+($H$10/100)) -> 346989.5 | E73: =(G73*$H$9)/100 -> 10465 | F73: =(G73*$H$8)/100 -> 5980 | G73: 299000 | O73: =N73/1.25 -> 0 | P73: =ROUND(O73,-3) -> 0 | S73: RM TLED 3 x 8 Watt + Cover
B74: Surface Mounted LED Balk Type 2 x 18 Watt (Outbow) + Battery | C74: bh | D74: =SUM(E74:G74)*(1+($H$10/100)) -> 492052 | E74: =(G74*$H$9)/100 -> 14840 | F74: =(G74*$H$8)/100 -> 8480 | G74: =G73+125000 -> 424000 | O74: =N74/1.25 -> 0 | P74: =ROUND(O74,-3) -> 0 | S74: RM TLED 3 x 8 Watt + Cover c/w Nicad Battery
B75: Floodlight LED Outdoor Type 2 x 100 Watt | C75: bh | D75: =SUM(E75:G75)*(1+($H$10/100)) -> 762448.5 | E75: =(G75*$H$9)/100 -> 22995 | F75: =(G75*$H$8)/100 -> 13140 | G75: 657000 | O75: =N75/1.25 -> 0 | P75: =ROUND(O75,-3) -> 0 | S75: RM TLED 2 x 14 Watt + Cover
B76: Surface Mounted LED Tube Type 1 x 16 Watt + Battery | C76: bh | D76: =SUM(E76:G76)*(1+($H$10/100)) -> 568645 | E76: =(G76*$H$9)/100 -> 17150 | F76: =(G76*$H$8)/100 -> 9800 | G76: 490000 | O76: =N76/1.25 -> 0 | P76: =ROUND(O76,-3) -> 0 | S76: RM TLED 2 x 14 Watt + Cover c/w Nicad Battery
B77: Surface Mounted LED TKO Type 2 x 16 Watt | C77: bh | D77: =SUM(E77:G77)*(1+($H$10/100)) -> 377162.5 | E77: =(G77*$H$9)/100 -> 11375 | F77: =(G77*$H$8)/100 -> 6500 | G77: 325000
B78: Surface Mounted LED TKO Type 2 x 16 Watt + Battery | C78: bh | D78: =SUM(E78:G78)*(1+($H$10/100)) -> 568645 | E78: =(G78*$H$9)/100 -> 17150 | F78: =(G78*$H$8)/100 -> 9800 | G78: 490000
B79: Outdoor Lighting 30 Watt c/w Tiang 2,5 Meter, MCB dan Pondasi | C79: bh | D79: =SUM(E79:G79)*(1+($H$10/100)) -> 899387.5 | E79: =(G79*$H$9)/100 -> 27125 | F79: =(G79*$H$8)/100 -> 15500 | G79: =350000+250000+75000+100000 -> 775000
B80: Exit LED AL Hugo (set) | C80: bh | D80: =SUM(E80:G80)*(1+($H$10/100)) -> 609262.5 | E80: =(G80*$H$9)/100 -> 18375 | F80: =(G80*$H$8)/100 -> 10500 | G80: 525000
B81: RWL 100 MR16 ESS LED HLG 4.5W.36D.6500K | C81: bh | D81: =SUM(E81:G81)*(1+($H$10/100)) -> 203087.5 | E81: =(G81*$H$9)/100 -> 6125 | F81: =(G81*$H$8)/100 -> 3500 | G81: 175000
B82: Spotlight LED 6,5 Watt Outdoor Used (IP 65) | C82: bh | D82: =SUM(E82:G82)*(1+($H$10/100)) -> 464200 | E82: =(G82*$H$9)/100 -> 14000 | F82: =(G82*$H$8)/100 -> 8000 | G82: 400000 | O82: =N82/1.25 -> 0 | P82: =ROUND(O82,-3) -> 0 | S82: RM TLED 1 x 14 Watt + Cover
B83: ARTO LED PANEL 6060 40W 6000K | C83: bh | D83: =SUM(E83:G83)*(1+($H$10/100)) -> 522225 | E83: =(G83*$H$9)/100 -> 15750 | F83: =(G83*$H$8)/100 -> 9000 | G83: 450000
B84: LED STRIP OSR BASIC FLEX BF400S-G3-840- 05 16.5W 24V | C84: bh | D84: =SUM(E84:G84)*(1+($H$10/100)) -> 58025 | E84: =(G84*$H$9)/100 -> 1750 | F84: =(G84*$H$8)/100 -> 1000 | G84: 50000
B85: SM D 160 FRZ ART 15W 6000K | C85: bh | D85: =SUM(E85:G85)*(1+($H$10/100)) -> 365557.5 | E85: =(G85*$H$9)/100 -> 11025 | F85: =(G85*$H$8)/100 -> 6300 | G85: 315000 | O85: =N85/1.25 -> 0 | P85: =ROUND(O85,-3) -> 0 | S85: RM TLED 1 x 14 Watt + Cover c/w Nicad Battery
B86: RD 175 CN PREVALED COIN III-COB DC G2 25/840 40d elmnt 30/700 | C86: bh | D86: =SUM(E86:G86)*(1+($H$10/100)) -> 371360 | E86: =(G86*$H$9)/100 -> 11200 | F86: =(G86*$H$8)/100 -> 6400 | G86: 320000
B87: Surface Mounted TL LED 2 x 16 W (Outbow) | C87: bh | D87: =SUM(E87:G87)*(1+($H$10/100)) -> 493212.5 | E87: =(G87*$H$9)/100 -> 14875 | F87: =(G87*$H$8)/100 -> 8500 | G87: 425000
B88: Surface Mounted TL LED 2 x 16 W (Outbow) + Battery | C88: bh | D88: =SUM(E88:G88)*(1+($H$10/100)) -> 1032845 | E88: =(G88*$H$9)/100 -> 31150 | F88: =(G88*$H$8)/100 -> 17800 | G88: 890000 | O88: =N88/1.25 -> 0 | P88: =ROUND(O88,-3) -> 0 | S88: TLED 2x14 Watt (Balk) c/w Nicad Battery
B89: Downlight Outbow 7 Watt | C89: bh | D89: =SUM(E89:G89)*(1+($H$10/100)) -> 314495.5 | E89: =(G89*$H$9)/100 -> 9485 | F89: =(G89*$H$8)/100 -> 5420 | G89: 271000 | O89: =N89/1.25 -> 0 | P89: =ROUND(O89,-3) -> 0 | S89: TLED 1x14 Watt (Balk)
B90: Lampu Wastafel LED 1 x 14 watt | C90: bh | D90: =SUM(E90:G90)*(1+($H$10/100)) -> 262273 | E90: =(G90*$H$9)/100 -> 7910 | F90: =(G90*$H$8)/100 -> 4520 | G90: 226000 | O90: =N90/1.25 -> 0 | P90: =ROUND(O90,-3) -> 0 | S90: Lampu Wastafel LED 1 x 14 watt
B91: Downlight Recessed Mounted 12 Watt | C91: bh | D91: =SUM(E91:G91)*(1+($H$10/100)) -> 232100 | E91: =(G91*$H$9)/100 -> 7000 | F91: =(G91*$H$8)/100 -> 4000 | G91: 200000 | O91: =N91/1.25 -> 0 | P91: =ROUND(O91,-3) -> 0 | S91: Down Light LED E27 13 Watt Bulb + Cover
B92: Downlight Recessed Mounted 12 Watt + Battery | C92: bh | D92: =SUM(E92:G92)*(1+($H$10/100)) -> 957992.75 | E92: =(G92*$H$9)/100 -> 28892.5 | F92: =(G92*$H$8)/100 -> 16510 | G92: 825500 | O92: =N92/1.25 -> 0 | P92: =ROUND(O92,-3) -> 0 | S92: Down Light LED E27 13 Watt Bulb + Cover c/w Nicad Battery
B93: Downlight Recessed Mounted 8 Watt | C93: bh | D93: =SUM(E93:G93)*(1+($H$10/100)) -> 163050.25 | E93: =(G93*$H$9)/100 -> 4917.5 | F93: =(G93*$H$8)/100 -> 2810 | G93: 140500 | O93: =N93/1.25 -> 0 | P93: =ROUND(O93,-3) -> 0 | S93: Down Light LED E27 6 Watt Bulb + Cover
B94: Downlight Recessed Mounted 8 Watt + Battery | C94: bh | D94: =SUM(E94:G94)*(1+($H$10/100)) -> 711966.75 | E94: =(G94*$H$9)/100 -> 21472.5 | F94: =(G94*$H$8)/100 -> 12270 | G94: 613500 | O94: =N94/1.25 -> 0 | P94: =ROUND(O94,-3) -> 0 | S94: Down Light LED E27 6 Watt Bulb + Cover + Nicad Battery
B95: Downlight Recessed Mounted LED E27 6 Watt + BATTERY | C95: bh | D95: =SUM(E95:G95)*(1+($H$10/100)) -> 783917.75 | E95: =(G95*$H$9)/100 -> 23642.5 | F95: =(G95*$H$8)/100 -> 13510 | G95: 675500
B96: Lux Sensor | C96: bh | D96: =SUM(E96:G96)*(1+($H$10/100)) -> 203087.5 | E96: =(G96*$H$9)/100 -> 6125 | F96: =(G96*$H$8)/100 -> 3500 | G96: 175000
B97: LED Flat Lamp 22 Watt 4.000 K | C97: bh | D97: =SUM(E97:G97)*(1+($H$10/100)) -> 994548.5 | E97: =(G97*$H$9)/100 -> 29995 | F97: =(G97*$H$8)/100 -> 17140 | G97: 857000
B98: Spot Light LED 10W | C98: bh | D98: =SUM(E98:G98)*(1+($H$10/100)) -> 158988.5 | E98: =(G98*$H$9)/100 -> 4795 | F98: =(G98*$H$8)/100 -> 2740 | G98: 137000 | O98: =N98/1.25 -> 0 | P98: =ROUND(O98,-3) -> 0 | S98: Spot Light LED 10W
B99: Lampu Baret LED E27 10,5 Watt Bulb | C99: bh | D99: =SUM(E99:G99)*(1+($H$10/100)) -> 121852.5 | E99: =(G99*$H$9)/100 -> 3675 | F99: =(G99*$H$8)/100 -> 2100 | G99: 105000 | O99: =N99/1.25 -> 0 | P99: =ROUND(O99,-3) -> 0 | S99: Lampu Baret LED E27 10,5 Watt Bulb
B100: Lampu Baret LED E27 10,5 Watt Bulb c/w Nicad Battery | C100: bh | D100: =SUM(E100:G100)*(1+($H$10/100)) -> 718929.75 | E100: =(G100*$H$9)/100 -> 21682.5 | F100: =(G100*$H$8)/100 -> 12390 | G100: 619500 | O100: =N100/1.25 -> 0 | P100: =ROUND(O100,-3) -> 0 | S100: Lampu Baret LED E27 10,5 Watt Bulb c/w Nicad Battery
B101: Exit Lamp LED 10 Watt | C101: bh | D101: =SUM(E101:G101)*(1+($H$10/100)) -> 724152 | E101: =(G101*$H$9)/100 -> 21840 | F101: =(G101*$H$8)/100 -> 12480 | G101: 624000 | O101: =N101/1.25 -> 0 | P101: =ROUND(O101,-3) -> 0 | S101: Exit Lamp LED 8 Watt
B102: Exit Light LED 1 x 8 Watt + Battery | C102: bh | D102: =SUM(E102:G102)*(1+($H$10/100)) -> 1420452 | E102: =(G102*$H$9)/100 -> 42840 | F102: =(G102*$H$8)/100 -> 24480 | G102: =G101+600000 -> 1224000
B103: Lampu Strip LED + Trafo 5 meter / roll | C103: bh | D103: =SUM(E103:G103)*(1+($H$10/100)) -> 131136.5 | E103: =(G103*$H$9)/100 -> 3955 | F103: =(G103*$H$8)/100 -> 2260 | G103: 113000 | O103: =N103/1.25 -> 0 | P103: =ROUND(O103,-3) -> 0 | S103: Lampu Strip LED + Trafo 5 meter / roll
B104: Lampu Bed / Periksa LED 29 Watt | C104: bh | D104: =SUM(E104:G104)*(1+($H$10/100)) -> 522225 | E104: =(G104*$H$9)/100 -> 15750 | F104: =(G104*$H$8)/100 -> 9000 | G104: 450000
B105: Inspection Lamp TL LED 9 Watt | C105: bh | D105: =SUM(E105:G105)*(1+($H$10/100)) -> 104445 | E105: =(G105*$H$9)/100 -> 3150 | F105: =(G105*$H$8)/100 -> 1800 | G105: 90000
B106: Lampu Strip LED + Trafo 5 meter / roll | C106: bh | D106: =SUM(E106:G106)*(1+($H$10/100)) -> 145062.5 | E106: =(G106*$H$9)/100 -> 4375 | F106: =(G106*$H$8)/100 -> 2500 | G106: 125000
B107: Stop Kontak | C107: bh | D107: =SUM(E107:G107)*(1+($H$10/100)) -> 63827.5 | E107: =(G107*$H$9)/100 -> 1925 | F107: =(G107*$H$8)/100 -> 1100 | G107: 55000
B108: Stop Kontak 1 Ph 200 Watt | C108: bh | D108: =SUM(E108:G108)*(1+($H$10/100)) -> 63827.5 | E108: =(G108*$H$9)/100 -> 1925 | F108: =(G108*$H$8)/100 -> 1100 | G108: 55000
B109: Stop Kontak 1 Ph 200 Watt Backup Trafo Isolasi backup UPS | C109: bh | D109: =SUM(E109:G109)*(1+($H$10/100)) -> 63827.5 | E109: =(G109*$H$9)/100 -> 1925 | F109: =(G109*$H$8)/100 -> 1100 | G109: 55000
B110: Stop Kontak Bed 1 Ph 200 Watt | C110: bh | D110: =SUM(E110:G110)*(1+($H$10/100)) -> 63827.5 | E110: =(G110*$H$9)/100 -> 1925 | F110: =(G110*$H$8)/100 -> 1100 | G110: 55000
B111: Stop Kontak Outbow 10A 1P 2 x 100 W (Di Meja) | C111: bh | D111: =SUM(E111:G111)*(1+($H$10/100)) -> 278520 | E111: =(G111*$H$9)/100 -> 8400 | F111: =(G111*$H$8)/100 -> 4800 | G111: 240000
B112: Stop Kontak 16A 1P 400 W (Hand Dryer) | C112: bh | D112: =SUM(E112:G112)*(1+($H$10/100)) -> 359755 | E112: =(G112*$H$9)/100 -> 10850 | F112: =(G112*$H$8)/100 -> 6200 | G112: 310000
B113: Stop Kontak Ceiling TV 1Ph 200 Watt | C113: bh | D113: =SUM(E113:G113)*(1+($H$10/100)) -> 63827.5 | E113: =(G113*$H$9)/100 -> 1925 | F113: =(G113*$H$8)/100 -> 1100 | G113: 55000
...

Sheet Analisa
F1: Pemasangan alumunium Frame Daun Jendela Kaca Powder Coating
A2: ANALISA SATUAN PEKERJAAN BANGUNAN
A3: =Bahan!A3 -> TAHUN 2025
P4: Overhead = | Q4: 0.1
A6: No | D6: Koefisien | E6: Satuan | F6: Uraian | H6: Harga Satuan | L6: Jumlah | N6: Jumlah
L7: Harga | N7: Total
H8: (Rp) | L8: (Rp) | N8: (Rp)
A10: A | B10: A.2.2.1 | D10: HARGA SATUAN PEKERJAAN PERSIAPAN
A12: 1 | B12: A.2.2.1.2 | C12: a | D12: Pembuatan 1 m' pagar sementara dari seng gelombang tinggi 2 m'
E13: A | F13: TENAGA KERJA
D14: 0.2 | E14: OH | F14: Pekerja | G14: @Rp. | H14: =Bahan!$C$10 -> 125000 | K14: Rp. | L14: =D14*H14 -> 25000
D15: 0.4 | E15: OH | F15: Tukang Kayu | G15: @Rp. | H15: =Bahan!$C$11 -> 135000 | K15: Rp. | L15: =D15*H15 -> 54000
D16: 0.02 | E16: OH | F16: Kepala Tukang | G16: @Rp. | H16: =Bahan!$C$21 -> 145000 | K16: Rp. | L16: =D16*H16 -> 2900
D17: 0.02 | E17: OH | F17: Mandor | G17: @Rp. | H17: =Bahan!$C$22 -> 150000 | K17: Rp. | L17: =D17*H17 -> 3000
M18: Rp. | N18: =SUM(L14:L17) -> 84900
E19: B | F19: BAHAN
D20: 1.25 | E20: batang | F20: Bambu | G20: @Rp. | H20: =Bahan!C27 -> 12500 | K20: Rp. | L20: =D20*H20 -> 15625
D21: 1.2 | E21: Lbr | F21: Seng gelombang 3" - 5 " | G21: @Rp. | H21: =Bahan!$C$131 -> 118500 | K21: Rp. | L21: =D21*H21 -> 142200
D22: 0.072 | E22: m3 | F22: Kayu Klas III | G22: @Rp. | H22: =Bahan!C28 -> 1500000 | K22: Rp. | L22: =D22*H22 -> 108000
D23: 0.06 | E23: kg | F23: Paku | G23: @Rp. | H23: =Bahan!$C$25 -> 15000 | K23: Rp. | L23: =D23*H23 -> 900
D24: 2.5 | E24: kg | F24: Portland cement | G24: @Rp. | H24: =Bahan!$C$31 -> 1250 | K24: Rp. | L24: =D24*H24 -> 3125
D25: 0.009 | E25: m³ | F25: Koral beton | G25: @Rp. | H25: =Bahan!C47 -> 280000 | K25: Rp. | L25: =D25*H25 -> 2520
D26: 0.009 | E26: m³ | F26: Pasir beton (quarry - lokasi pekerjaan) | G26: @Rp. | H26: =Bahan!$C$43 -> 245000 | K26: Rp. | L26: =D26*H26 -> 2205
M27: Rp. | N27: =SUM(L20:L26) -> 274575
M28: = | N28: =
H29: Jumlah Total | M29: Rp. | N29: =SUM(N18:N27) -> 359475
H30: Overhead & Profit (10% ) | M30: Rp. | N30: =N29*$Q$4 -> 35947.5
H31: Total Harga Satuan Pekerjaan | M31: Rp. | N31: =ROUNDDOWN((N29+N30),0) -> 395422
B33: A.2.2.1.2a | C33: b | D33: Pembuatan 1 m' pagar sementara dari seng gelombang tinggi 2 m' (sewa) | G33: @Rp. | H33: =N31 -> 395422 | I33: : | J33: 1.2
M34: Rp. | N34: =H33/J33 -> 329518.33
A37: =A12+1 -> 2 | B37: A.2.2.1.4 | D37: Pengukuran dan pemasangan 1 m' Bouwplank
F38: TENAGA KERJA
D39: 0.1 | E39: OH | F39: Pekerja | G39: @Rp. | H39: =Bahan!$C$10 -> 125000 | K39: Rp. | L39: =D39*H39 -> 12500
D40: 0.1 | E40: OH | F40: Tukang Kayu | G40: @Rp. | H40: =Bahan!$C$11 -> 135000 | K40: Rp. | L40: =D40*H40 -> 13500
D41: 0.01 | E41: OH | F41: Kepala Tukang | G41: @Rp. | H41: =Bahan!$C$21 -> 145000 | K41: Rp. | L41: =D41*H41 -> 1450
D42: 0.005 | E42: OH | F42: Mandor | G42: @Rp. | H42: =Bahan!$C$22 -> 150000 | K42: Rp. | L42: =D42*H42 -> 750
M43: Rp. | N43: =SUM(L39:L42) -> 28200
F44: BAHAN
D45: 0.012 | E45: m3 | F45: Kayu Klas III utk bowplank,pagar dan kantor sementara | G45: @Rp. | H45: =Bahan!C28 -> 1500000 | K45: Rp. | L45: =D45*H45 -> 18000
D46: 0.02 | E46: kg | F46: Paku | G46: @Rp. | H46: =Bahan!C25 -> 15000 | K46: Rp. | L46: =D46*H46 -> 300
D47: 0.007 | E47: m³ | F47: Kayu Klas III (papan) | G47: @Rp. | H47: =Bahan!C28 -> 1500000 | K47: Rp. | L47: =D47*H47 -> 10500
M48: Rp. | N48: =SUM(L45:L47) -> 28800
M49: = | N49: =
H50: Jumlah Total | M50: Rp. | N50: =SUM(N43:N48) -> 57000
H51: Overhead & Profit (10% ) | M51: Rp. | N51: =N50*$Q$4 -> 5700
H52: Total Harga Satuan Pekerjaan | M52: Rp. | N52: =ROUNDDOWN((N50+N51),0) -> 62700
A56: =A37+1 -> 3 | B56: A.2.2.1.9 | D56: Pembersihan 1 m2 lapangan dan perataan
E57: A | F57: TENAGA KERJA
D58: 0.1 | E58: OH | F58: Pekerja | G58: @Rp. | H58: =Bahan!$C$10 -> 125000 | K58: Rp. | L58: =D58*H58 -> 12500
D59: 0.05 | E59: OH | F59: Mandor | G59: @Rp. | H59: =Bahan!$C$22 -> 150000 | K59: Rp. | L59: =D59*H59 -> 7500
M60: Rp. | N60: =SUM(L58:L59) -> 20000
M61: = | N61: =
H62: Jumlah Total | M62: Rp. | N62: =SUM(N60:N60) -> 20000
H63: Overhead & Profit (10% ) | M63: Rp. | N63: =N62*$Q$4 -> 2000
H64: Total Harga Satuan Pekerjaan | M64: Rp. | N64: =ROUNDDOWN((N62+N63),0) -> 22000
A66: =A56+1 -> 4 | B66: A.2.2.1.14 | D66: Pembongkaran 1 m3 dinding tembok bata
E67: A | F67: TENAGA KERJA
D68: 6.667 | E68: OH | F68: Pekerja | G68: @Rp. | H68: =Bahan!$C$10 -> 125000 | K68: Rp. | L68: =D68*H68 -> 833375
D69: 0.333 | E69: OH | F69: Mandor | G69: @Rp. | H69: =Bahan!$C$22 -> 150000 | K69: Rp. | L69: =D69*H69 -> 49950
M70: Rp. | N70: =SUM(L68:L69) -> 883325
M71: = | N71: =
H72: Jumlah Total | M72: Rp. | N72: =SUM(N70:N70) -> 883325
H73: Overhead & Profit (10% ) | M73: Rp. | N73: =N72*$Q$4 -> 88332.5
H74: Total Harga Satuan Pekerjaan | M74: Rp. | N74: =ROUNDDOWN((N72+N73),0) -> 971657
A76: =1+A66 -> 5 | B76: Dihit.1 | D76: 1 m2 Kantor sementara/ Rumah jaga/ Gudang semen dan peralatan lantai plesteran, dinding setengah tembok (sewa)
D77: Bahan : | N77: =SUM(L78:L91) -> 737325
D78: 1.25 | E78: btg | F78: Dolken kayu dia. 8-10 cm / 400 cm | G78: @Rp. | H78: =Bahan!$C$26 -> 12500 | K78: @Rp. | L78: =D78*H78 -> 15625
D79: 0.18 | E79: m3 | F79: Kayu | G79: @Rp. | H79: =Bahan!$C$29 -> 2450000 | K79: @Rp. | L79: =D79*H79 -> 441000
D80: 0.08 | E80: kg | F80: Paku | G80: @Rp. | H80: =Bahan!$C$25 -> 15000 | K80: @Rp. | L80: =D80*H80 -> 1200
D81: 1.1 | E81: kg | F81: Besi strip | G81: @Rp. | K81: @Rp. | L81: =D81*H81 -> 0
D82: 35 | E82: kg | F82: Semen Portland | G82: @Rp. | H82: =Bahan!$C$30/40 -> 1250 | K82: @Rp. | L82: =D82*H82 -> 43750
D83: 0.15 | E83: m3 | F83: Pasir pasang | G83: @Rp. | H83: =Bahan!$C$42 -> 215000 | K83: @Rp. | L83: =D83*H83 -> 32250
D84: 0.1 | E84: m3 | F84: Pasir beton | G84: @Rp. | H84: =Bahan!$C$43 -> 245000 | K84: @Rp. | L84: =D84*H84 -> 24500
D85: 0.15 | E85: m3 | F85: Krikil beton | G85: @Rp. | H85: =Bahan!$C$47 -> 280000 | K85: @Rp. | L85: =D85*H85 -> 42000
D86: 30 | E86: bh | F86: Bata merah | G86: @Rp. | H86: =Bahan!$C$32 -> 1350 | K86: @Rp. | L86: =D86*H86 -> 40500
D87: 0.25 | E87: lbr | F87: Seng plat | G87: @Rp. | H87: 90000 | K87: @Rp. | L87: =D87*H87 -> 22500
D88: 0.2 | E88: bh | F88: Jendela nako | G88: @Rp. | H88: 35000 | K88: @Rp. | L88: =D88*H88 -> 7000
D89: 0.08 | E89: m2 | F89: Kaca polos | G89: @Rp. | H89: =Bahan!$C$166 -> 575000 | K89: @Rp. | L89: =D89*H89 -> 46000
D90: 0.15 | E90: bh | F90: Kunci tanam | G90: @Rp. | H90: 120000 | K90: @Rp. | L90: =D90*H90 -> 18000
D91: 0.06 | E91: lbr | F91: Multiplek, tebal 4 mm | G91: @Rp. | H91: 50000 | K91: @Rp. | L91: =D91*H91 -> 3000
D92: Upah: | N92: =SUM(L93:L97) -> 706000
D93: 2 | E93: OH | F93: Pekerja | G93: @Rp. | H93: =Bahan!$C$10 -> 125000 | K93: @Rp. | L93: =D93*H93 -> 250000
D94: 2 | E94: OH | F94: Tukang kayu | G94: @Rp. | H94: =Bahan!$C$11 -> 135000 | K94: @Rp. | L94: =D94*H94 -> 270000
D95: 1 | E95: OH | F95: Tukang batu | G95: @Rp. | H95: =Bahan!$C$12 -> 135000 | K95: @Rp. | L95: =D95*H95 -> 135000
D96: 0.3 | E96: OH | F96: Kepala tukang batu | G96: @Rp. | H96: =Bahan!$C$21 -> 145000 | K96: @Rp. | L96: =D96*H96 -> 43500
D97: 0.05 | E97: OH | F97: Mandor | G97: @Rp. | H97: =Bahan!$C$22 -> 150000 | K97: @Rp. | L97: =D97*H97 -> 7500
M98: Rp. | N98: =SUM(N92:N97,N77) -> 1443325
M99: = | N99: =
H100: Jumlah Total | M100: Rp. | N100: =SUM(N98:N98) -> 1443325
H101: Overhead & Profit (10% ) | M101: Rp. | N101: =N100*$Q$4 -> 144332.5
H102: Total Harga Satuan Pekerjaan | M102: Rp. | N102: =ROUNDDOWN((N100+N101),0) -> 1587657
A105: =A76+1 -> 6 | B105: Dihit.2 | D105: Listrik kerja per bulan ( kebutuhan bahan bakar genset )
D106: 10 | E106: ltr | F106: bahan bakar genset | G106: @Rp. | H106: =Bahan!C64 -> 18000 | I106: x | J106: =30-3 -> 27 | K106: Rp. | L106: =D106*H106*J106 -> 4860000
M107: Rp. | N107: =SUM(L106:L106) -> 4860000
M108: = | N108: =
H109: Jumlah Total | M109: Rp. | N109: =SUM(N107:N107) -> 4860000
H110: Overhead & Profit (10% ) | M110: Rp. | N110: =N109*$Q$4 -> 486000
H111: Total Harga Satuan Pekerjaan | M111: Rp. | N111: =ROUNDDOWN((N109+N110),0) -> 5346000
A113: =A105+1 -> 7 | B113: Dihit.3 | D113: Biaya sewa 1 unit tower crane selama 8 bulan
D114: 8 | E114: Bln | F114: Sewa tower crane | G114: @Rp. | H114: =Bahan!C786 -> 106500000 | K114: Rp. | L114: =D114*H114 -> 852000000
...

Sheet Bahan MEP
B9: ACB 5000 AT/5000 AF/100 kA/4P | F9: =327600000*1 -> 327600000
B10: ACB 1000 A / 4P / 50 kA | F10: 230400000
F11: 0
B12: MCCB 100A/70KA/3P | F12: 3000000
F13: 0
B14: MCCB 63A/50KA/3P | F14: 1840000
B15: MCCB 40A/50KA/3P | F15: 1720000
B16: MCCB 32A/50KA/3P | F16: 1600000
F17: 0
B18: ='RAB GIK UGM'!C494 -> MCCB 630A/36KA/3P | F18: 19750000
B19: MCCB 300A/36KA/3P | F19: 5167600
B20: ='RAB GIK UGM'!C463 -> MCCB 200A/36KA/3P | F20: 3900000
B21: ='RAB GIK UGM'!C412 -> MCCB 160A/36KA/3P | F21: 2900000
B22: ='RAB GIK UGM'!C450 -> MCCB 80A/36KA/3P | F22: 2500000
B23: ='RAB GIK UGM'!C365 -> MCCB 60A/36KA/3P | F23: 2500000
F24: 0
B25: MCCB 32A/25kA/3P | F25: 1680000
F26: 0
B27: ='RAB GIK UGM'!C495 -> MCCB 200A/18KA/3P | F27: 2750000
B28: ='RAB GIK UGM'!C496 -> MCCB 160A/18KA/3P | F28: 2250000
B29: MCCB 100A/18KA/3P | F29: 1750800
B30: MCCB 80A/18KA/3P | F30: 1750800
B31: MCCB 63A/18KA/3P | F31: 1250000
B32: MCCB 60A/18kA/3P | F32: 1250000
B33: MCCB 50A/18kA/3P | F33: 1250000
F34: 0
B35: MCCB 80A/10KA/3P | F35: 600000
F36: 0
B37: MCB 60A/6 KA/3P | F37: 600000
B38: MCB 50 A/6 kA/3P | F38: 600000
B39: MCB 40A/6 KA/3P | F39: 600000
B40: MCB 32A/6 KA/3P | F40: 600000
B41: MCB 25A/6 KA/3P | F41: 600000
B42: MCB 20A/6 KA/3P | F42: 600000
F43: 0
B44: MCB 80A/10 KA/1P | F44: 0
B45: MCB 20A/10 KA/1P | F45: 180000
F46: 0
B47: MCB 60A/6 KA/1P | F47: 155000
B48: MCB 40A/6 KA/1P | F48: 155000
B49: MCB 32A/6 KA/1P | F49: 155000
B50: MCB 25A/6 KA/1P | F50: 155000
B51: MCB 20A/6 KA/1P | F51: 155000
B52: MCB 16A/6 KA/1P | F52: 155000
F53: 0
B54: MCB 32A/4,5 KA/1P | F54: 148000
B55: MCB 25A/4,5 KA/1P | F55: 148000
B56: MCB 16A/4,5 KA/1P | F56: 148000
F57: 0
B58: MC.3P 70A/NC | F58: 1620000
B59: MC.3P 80A/NC | F59: 1800000
B60: MC.3P 200A/NC | F60: 2265000
B61: Motor Mechanism MCCB 100A (SPKLU) | F61: 11000000
B62: Digital power meter PM 2220, METSEPM2220 | F62: 3300000
B63: KWH meter 1P/45A | F63: 4597000
B64: KWH meter 1P/100A | F64: 8200000
B65: KWH meter 3P/63A | F65: 5680000
B66: Sekering 2 A | F66: 55000
B67: Sekering 2 4 | F67: 70000
B69: Cu Busbar 60x10 | G69: 4759000
B70: Cu Busbar 60x5 | G70: 2379800
B71: Cu Busbar 50x5 | G71: 2009433
B72: Cu Busbar 40x5 | G72: 1586600
B73: Cu Busbar 30x5 | G73: 1260000
B74: Cu Busbar 25x5 | G74: 1025000
B75: Cu Busbar 20x5 | G75: 925000
B76: Cu Busbar 30x3 | G76: 1750000
B77: Cu Busbar 25x3 | G77: 881000
B78: Cu Busbar 15x3 | G78: 575000
B81: Box Panel (Lebar x Tinggi x Tebal)
B82: Box panel, uk. 2000 x 1800 x 800 - Floor Standing 3 door (Finish powder coating) | G82: =6500000*1.2 -> 7800000
B83: Box panel, uk. 2000 x 1600 x 800 - Floor Standing 3 door (Finish powder coating) | G83: =((2*1.6*0.8)/(2*1.8*0.8))*$G$82 -> 6933333.3
B84: Box panel, uk. 3200 x 1000 x 2000 - Floor Standing 3 door (Finish powder coating) | G84: 44000000
B85: Box panel, uk. 1100 x 800 x 300 - Tipe wall mounted (Finish powder coating) | G85: =((1.1*0.8*0.3)/(2*1.8*0.8))*G82 -> 715000
B86: Box panel, uk. 800 x 700 x 300 - Tipe wall mounted (Finish powder coating) | G86: =((0.8*0.7*0.3)/(2*1.8*0.8))*G82 -> 455000
B87: Box panel, uk. 700 x 500 x 250 - Tipe wall mounted (Finish powder coating) | G87: 2200000
B88: Box panel, uk. 700 x 600 x 200 - Tipe wall mounted (Finish powder coating) | G88: =((0.7*0.6*0.2)/(2*1.8*0.8))*G82 -> 227500
B89: Box panel, uk. 600 x 400 x 200 - Tipe wall mounted (Finish powder coating) | G89: =((0.6*0.4*0.2)/(2*1.8*0.8))*G82 -> 130000
B90: Box panel, uk. 600 x 500 x 200 - Tipe wall mounted (Finish powder coating) | G90: =((0.6*0.5*0.2)/(2*1.8*0.8))*G82 -> 162500
B91: Box panel, uk. 500 x 400 x 200 - Tipe wall mounted (Finish powder coating) | G91: =((0.5*0.4*0.2)/(2*1.8*0.8))*G82 -> 108333.33
B92: Box panel, uk. 400 x 300 x 150 - Tipe wall mounted (Finish powder coating) | G92: =((0.4*0.3*0.15)/(2*1.8*0.8))*G82 -> 48750

Sheet Bahan
A2: HARGA BAHAN
A3: TAHUN 2025
A5: No | B5: Bahan / Upah Tenaga | C5: Harga Bahan (Rp) | D5: Satuan
A9: I. | B9: UPAH PEKERJA
A10: 1 | B10: Pekerja | C10: 125000 | D10: OH | F10: 2655041.8 | G10: =F10/25 -> 106201.67
A11: =A10+1 -> 2 | B11: Tukang Kayu | C11: =$C$10+10000 -> 135000 | D11: OH | G11: =G10*1.065 -> 113104.78
A12: =A11+1 -> 3 | B12: Tukang Batu | C12: =$C$10+10000 -> 135000 | D12: OH
A13: =A12+1 -> 4 | B13: Tukang besi | C13: =$C$10+10000 -> 135000 | D13: OH
A14: =A13+1 -> 5 | B14: Tukang las konstruksi | C14: =$C$10+10000 -> 135000 | D14: OH
A15: =A14+1 -> 6 | B15: Tukang besi konstruksi | C15: =$C$10+10000 -> 135000 | D15: OH
A16: =A15+1 -> 7 | B16: Tukang las biasa | C16: =$C$10+10000 -> 135000 | D16: OH
A17: =A16+1 -> 8 | B17: Tukang khusus alumunium | C17: =$C$10+10000 -> 135000 | D17: OH
A18: =A17+1 -> 9 | B18: Tukang Pipa | C18: =$C$10+10000 -> 135000 | D18: OH
A19: =A18+1 -> 10 | B19: Tukang cat | C19: =$C$10+10000 -> 135000 | D19: OH
A20: =A19+1 -> 11 | B20: Tukang listrik | C20: =$C$10+10000 -> 135000 | D20: OH
A21: =A20+1 -> 12 | B21: Kepala Tukang | C21: =$C$10+20000 -> 145000 | D21: OH
A22: =A21+1 -> 13 | B22: Mandor | C22: =$C$10+25000 -> 150000 | D22: OH
A24: II. | B24: HARGA BAHAN
A25: =A22+1 -> 14 | B25: Paku | C25: 15000 | D25: kg
A26: =A25+1 -> 15 | B26: Dolken kayu diameter 8-10/400 cm | C26: 12500 | D26: batang
A27: =A26+1 -> 16 | B27: Bambu | C27: 12500 | D27: batang
A28: =A27+1 -> 17 | B28: Kayu Klas III / begesting | C28: 1500000 | D28: m3
A29: =A28+1 -> 18 | B29: Balok Kayu Klas II | C29: 2450000 | D29: m3
A30: =A29+1 -> 19 | B30: Portland cement 40 kg | C30: 50000 | D30: zak
B31: Portland cement | C31: =C30/40 -> 1250 | D31: kg
A32: =A30+1 -> 20 | B32: Bata merah | C32: 1350 | D32: Bh
A33: =A32+1 -> 21 | B33: bata tahan api 230 x 114 x 65 | C33: 3000 | D33: Bh
A34: =A33+1 -> 22 | B34: Semen pasangan bata tahan api @ 25 kg | C34: 325000 | D34: zak
A35: =A34+1 -> 23 | B35: Bata ringan ( fast con ) 20x60 cm tebal 10 mm | C35: =730000/84 -> 8690.4762 | D35: Bh | G35: =C35*83 -> 721309.52
A36: =A35+1 -> 24 | B36: Perekat bata ringan | C36: =(85000*1.05)/40 -> 2231.25 | D36: kg
A37: =A36+1 -> 25 | B37: Plester bata ringan | C37: 130000 | D37: zak
A38: =A37+1 -> 26 | B38: Semen mortar warna abu (Acian bata ringan) | C38: =(72500*1) -> 72500 | D38: zak
A39: =A38+1 -> 27 | B39: Semen skimcoat | C39: =150000 -> 150000 | D39: zak
A40: =A39+1 -> 28 | B40: Sirtu | C40: =C41 -> 190000 | D40: m3
A41: =A40+1 -> 29 | B41: Pasir urug | C41: 190000 | D41: m3
A42: =A41+1 -> 30 | B42: Pasir pasang | C42: 215000 | D42: m3
A43: =A42+1 -> 31 | B43: Pasir beton | C43: 245000 | D43: m3
A44: =A43+1 -> 32 | B44: Pasir beton | C44: =C43/1450 -> 168.96552 | D44: kg
A45: =A44+1 -> 33 | B45: Tanah urug | C45: 45000 | D45: m3
A46: =A45+1 -> 34 | B46: Batu belah | C46: 215000 | D46: m3
A47: =A46+1 -> 35 | B47: Kerikil (maksimum 30 mm) | C47: 280000 | D47: m3
A48: =A47+1 -> 36 | B48: Kerikil (maksimum 30 mm) | C48: =C47/1830 -> 153.00546 | D48: kg
B49: Koral | C49: 225000 | D49: m3
B50: Ijuk | C50: 15000 | D50: kg
A51: =A48+1 -> 37 | B51: Agregat Kelas A | C51: 355000 | D51: m3
A52: =A51+1 -> 38 | B52: Beton ready mix K300 | C52: 895000 | D52: m3
A53: =A52+1 -> 39 | B53: Beton ready mix FC 35 Mpa | C53: 920000 | D53: m3
A54: =A53+1 -> 40 | B54: Batu merah 5 x 11 x 22 cm | C54: 1200 | D54: bh
A55: =A54+1 -> 41 | B55: LUBANG ANGIN (ROSTER) PC + PASIR | C55: 15000 | D55: bh
A56: =A55+1 -> 42 | B56: Kunci tanam biasa | C56: 380000 | D56: bh
A57: =A56+1 -> 43 | B57: Upah meletakkan | C57: 500 | D57: kg
A58: =A57+1 -> 44 | B58: Siar 1 pc : 2 ps | C58: =Analisa!$N$1303 -> 17338 | D58: m2
A59: =A58+1 -> 45 | B59: Baja tulangan polos U-24 | C59: 10225 | D59: kg | F59: ='REKAP Tot'!F22 -> 81
A60: =A59+1 -> 46 | B60: Baja tulangan ulir U-32 | C60: =C59+100 -> 10325 | D60: kg
A61: =A60+1 -> 47 | B61: Kawat beton | C61: 15000 | D61: kg
A62: =A61+1 -> 48 | B62: Air | C62: 50 | D62: liter
A63: =A62+1 -> 49 | B63: Minyak bekisting | C63: 6000 | D63: liter
A64: =A63+1 -> 50 | B64: Solar industri | C64: 18000 | D64: liter
A65: =A64+1 -> 51 | B65: Minyak pelumas | C65: 20000 | D65: liter
A66: =A65+1 -> 52 | B66: Sewa Alat | C66: =500000/7 -> 71428.571 | D66: jam
A67: =A66+1 -> 53 | B67: Engineering door melamic seri ED horizontal oak light | C67: 750000 | D67: m2
A68: =A67+1 -> 54 | B68: Multiplek tebal 1,5 cm | C68: 161000 | D68: lembar
A69: =A68+1 -> 55 | B69: Multiplek tebal 1,5 cm | C69: =C68/(1.22*2.44) -> 54084.923 | D69: m2
A70: =A69+1 -> 56 | B70: Lem Aica Aibon | C70: 25000 | D70: kg
A71: =A70+1 -> 57 | B71: double teakwood lapis melamin | C71: 115000 | D71: m'
A72: =A71+1 -> 58 | B72: Pemasangan Motorized Roller Blind | C72: 1444000 | D72: m2
A73: =A72+1 -> 59 | B73: Wood Wool | C73: 650000 | D73: m2
A74: =A73+1 -> 60 | B74: Kawat ram | C74: 15000 | D74: m2
A75: =A74+1 -> 61 | B75: Aluminium foil | C75: 20000 | D75: m2
A76: =A75+1 -> 62 | B76: Profil baja | C76: 14500 | D76: kg
A77: =A76+1 -> 63 | B77: Raised floor | C77: 2150000 | D77: m2
A78: =A77+1 -> 64 | B78: Lapisan insulasi tebal 2 inchi untuk raised floor | C78: 475000 | D78: m2
A79: =A78+1 -> 65 | B79: Kusen Pintu Alumunium powder coating | C79: 165000 | D79: m'
A80: =A79+1 -> 66 | B80: Ram Pintu, Jendela + powder coating | C80: 145000 | D80: m'
A81: =A80+1 -> 67 | B81: Aluminium rangka curtainwall | C81: 457000 | D81: m'
A82: =A81+1 -> 68 | B82: stainless steel mirror | C82: =3225000/(1.22*2.44) -> 1083378.1 | D82: m2
A83: =A82+1 -> 69 | B83: Carpet Tile | C83: 550000 | D83: m2
A84: =A83+1 -> 70 | B84: HDF - High Density Fiber Board (Stage) | C84: 1200000 | D84: m2
A85: =A84+1 -> 71 | B85: Wall Treatment | C85: 1050000 | D85: m2
A86: =A85+1 -> 72 | B86: Engineered Teakwood rangka hollow (plywood 12mm fin.veneer) | C86: 650000 | D86: m2
A87: =A86+1 -> 73 | B87: Wood Panel | C87: =(4*35000)+(2*185000) -> 510000 | D87: m2
A88: =A87+1 -> 74 | B88: Formite/Penjaga jarak / Spacer (alat bantu) | C88: 500 | D88: buah
A89: =A88+1 -> 75 | B89: Skrup fixer | C89: =38500/400 -> 96.25 | D89: bh
A90: =A89+1 -> 76 | B90: Sealant | C90: 19000 | D90: tube
A91: =A90+1 -> 77 | B91: Paku sekrup | C91: 25000 | D91: kg
A92: =A91+1 -> 78 | B92: Dynabolt M8 | C92: 5000 | D92: bh
A93: =A92+1 -> 79 | B93: Anchor Bolt 9Mm @ 500Mm | C93: =(24000/(0.0045*0.0045*0.5*3.12*7850))*2 -> 193562.83 | D93: kg | G93: =0.0045*0.0045*0.5*3.12*7850 -> 0.2479815
A94: =A93+1 -> 80 | B94: Electric/motorized chain block | C94: =228600000/3 -> 76200000 | D94: unit
A95: =A94+1 -> 81 | B95: Besi hollow 40x60 mm | C95: =275500/6 -> 45916.667 | D95: /m' | G95: =24000 -> 24000
A96: =A95+1 -> 82 | B96: Daun Pintu Besi Tahan Api | C96: 4250000 | D96: m2
A97: =A96+1 -> 83 | B97: Rangka hollow galvanis 40.40.2 mm | C97: =117000/6 -> 19500 | D97: m' | G97: =G95/G93 -> 96781.413
A98: =A97+1 -> 84 | B98: Besi hollow 40.20.2 mm | C98: 24000 | D98: m'
A99: =A98+1 -> 85 | B99: Besi hollow 20.20.2 mm | C99: 16000 | D99: m'
A100: =A99+1 -> 86 | B100: Rangka metal furring | C100: =59000/6 -> 9833.3333 | D100: m'
A101: =A100+1 -> 87 | B101: Assesoris (perkuatan las dll) | C101: 17500 | D101: ls
A102: =A101+1 -> 88 | B102: Railling tangga stainless steel | C102: 925000 | D102: m'
A103: =A102+1 -> 89 | B103: Swivel Clamp | C103: =195000*2 -> 390000 | D103: ttk
A104: =A103+1 -> 90 | B104: Railling tangga besi kotak | C104: 675000 | D104: m'
A105: =A104+1 -> 91 | B105: Railling pipa besi bulat type 1 | C105: 725000 | D105: m'
A106: =A105+1 -> 92 | B106: Railling pipa besi bulat type 2 | C106: =C105*1.25 -> 906250 | D106: m'
...

Sheet TKDN
A4: FORMULIR PENYAMPAIAN
A5: TINGKAT KOMPONEN DALAM NEGERI (TKDN)
A7: NAMA PENYEDIA | C7: : PT. SINAR CERAH SEMPURNA
A8: ='REKAP Tot'!A4 -> Pekerjaan | C8: ='REKAP Tot'!C4 -> : Pembangunan Gedung Gelanggang Inovasi dan Kreativitas (GIK) UGM Tahap II
A9: ='REKAP Tot'!A5 -> Lokasi | C9: ='REKAP Tot'!C5 -> : Jl. Pancasila No. 1, Blimbing Sari, Caturtunggal, Kec. Depok, Kabupaten Sleman, Daerah Istimewa Yogyakarta
A10: ='REKAP Tot'!A6 -> Sumber Dana | C10: ='REKAP Tot'!C6 -> : APBN
A11: ='REKAP Tot'!A7 -> Tahun Anggaran | C11: ='REKAP Tot'!C7 -> : Tahun Jamak (MYC) 2025 - 2026
A14: NO | B14: URAIAN | D14: KUANTITAS | E14: HARGA SATUAN (Rp) | F14: PAJAK (%) | G14: TOTAL HARGA/HP (Rp) | H14: TKDN (%)* | I14: HARGA SETELAH PREFERENSI
A15: (1) | B15: (2) | D15: (3) | E15: (4) | F15: (5) | G15: (6) | H15: (7) | I15: (8)
B17: ='RAB GIK UGM'!C9 -> MATA PEMBAYARAN UMUM
B18: ='RAB GIK UGM'!C10 -> PEKERJAAN PERSIAPAN
B19: ='RAB GIK UGM'!C11 -> Pengukuran dan pemasangan Bouwplank | D19: ='RAB GIK UGM'!E11 -> 120 | E19: ='RAB GIK UGM'!F11 -> 62700 | F19: 0.11 | G19: =D19*E19*(1+F19) -> 8351640 | H19: 1 | I19: =G19*H19 -> 8351640
B20: ='RAB GIK UGM'!C12 -> Papan nama proyek | D20: ='RAB GIK UGM'!E12 -> 1 | E20: ='RAB GIK UGM'!F12 -> 1750000 | F20: 0.11 | G20: =D20*E20*(1+F20) -> 1942500 | H20: 1 | I20: =G20*H20 -> 1942500
B21: ='RAB GIK UGM'!C13 -> Pembuatan gudang (sewa) | D21: ='RAB GIK UGM'!E13 -> 80 | E21: ='RAB GIK UGM'!F13 -> 1587657 | F21: 0.11 | G21: =D21*E21*(1+F21) -> 1.4098394e+08 | H21: 1 | I21: =G21*H21 -> 1.4098394e+08
B22: ='RAB GIK UGM'!C14 -> Pembuatan bedeng pekerja (sewa) | D22: ='RAB GIK UGM'!E14 -> 60 | E22: ='RAB GIK UGM'!F14 -> 1587657 | F22: 0.11 | G22: =D22*E22*(1+F22) -> 1.0573796e+08 | H22: 1 | I22: =G22*H22 -> 1.0573796e+08
B23: ='RAB GIK UGM'!C15 -> Sekat/Pagar Pembatas (Sewa) | D23: ='RAB GIK UGM'!E15 -> 256.47 | E23: ='RAB GIK UGM'!F15 -> 329518.33 | F23: 0.11 | G23: =D23*E23*(1+F23) -> 93807839 | H23: 1 | I23: =G23*H23 -> 93807839
B24: JUMLAH | C24: =B17 -> MATA PEMBAYARAN UMUM | G24: =SUM(G19:G23) -> 3.5082388e+08 | H24: =I24/G24 -> 1 | I24: =SUM(I19:I23) -> 3.5082388e+08
B25: ='RAB GIK UGM'!C16 -> MATA PEMBAYARAN PERKIRAAN BIAYA PENERAPAN SMKKK
B26: ='RAB GIK UGM'!C17 -> Penyiapan RKK
B27: ='RAB GIK UGM'!C18 -> Pembuatan dokumen RKK, RKPPL, RMLLP, RMPK | D27: ='RAB GIK UGM'!E18 -> 1 | E27: ='RAB GIK UGM'!F18 -> 1450000 | F27: 0.11 | G27: =D27*E27*(1+F27) -> 1609500 | H27: 1 | I27: =G27*H27 -> 1609500
B28: ='RAB GIK UGM'!C19 -> Pembuatan prosedur dan instruksi kerja | D28: ='RAB GIK UGM'!E19 -> 1 | E28: ='RAB GIK UGM'!F19 -> 750000 | F28: 0.11 | G28: =D28*E28*(1+F28) -> 832500 | H28: 1 | I28: =G28*H28 -> 832500
B29: ='RAB GIK UGM'!C20 -> Penyusunan pelaporan penerapan SMKK | D29: ='RAB GIK UGM'!E20 -> 1 | E29: ='RAB GIK UGM'!F20 -> 750000 | F29: 0.11 | G29: =D29*E29*(1+F29) -> 832500 | H29: 1 | I29: =G29*H29 -> 832500
B30: ='RAB GIK UGM'!C21 -> Sosialisasi, promosi dan pelatihan | D30: ='RAB GIK UGM'!E21 -> 0 | E30: ='RAB GIK UGM'!F21 -> 0 | F30: 0.11 | G30: =D30*E30*(1+F30) -> 0 | H30: 1 | I30: =G30*H30 -> 0
B31: ='RAB GIK UGM'!C22 -> Induksi Keselamatan Konstruksi (Safety Induction) | D31: ='RAB GIK UGM'!E22 -> 100 | E31: ='RAB GIK UGM'!F22 -> 7500 | F31: 0.11 | G31: =D31*E31*(1+F31) -> 832500 | H31: 1 | I31: =G31*H31 -> 832500
B32: ='RAB GIK UGM'!C23 -> Pengarahan Keselamatan Konstruksi (Safety Briefing) | D32: ='RAB GIK UGM'!E23 -> 100 | E32: ='RAB GIK UGM'!F23 -> 7500 | F32: 0.11 | G32: =D32*E32*(1+F32) -> 832500 | H32: 1 | I32: =G32*H32 -> 832500
B33: ='RAB GIK UGM'!C24 -> Pertemuan keselamatan (Safety Talk dan/atau Tool Box Meeting) | D33: ='RAB GIK UGM'!E24 -> 100 | E33: ='RAB GIK UGM'!F24 -> 7500 | F33: 0.11 | G33: =D33*E33*(1+F33) -> 832500 | H33: 1 | I33: =G33*H33 -> 832500
B34: ='RAB GIK UGM'!C25 -> Pelatihan Keselamatan Konstruksi | D34: ='RAB GIK UGM'!E25 -> 0 | E34: ='RAB GIK UGM'!F25 -> 0
B35: ='RAB GIK UGM'!C26 -> Penggunaan bahan kimia (MSDS) | D35: ='RAB GIK UGM'!E26 -> 25 | E35: ='RAB GIK UGM'!F26 -> 7500 | F35: 0.11 | G35: =D35*E35*(1+F35) -> 208125 | H35: 1 | I35: =G35*H35 -> 208125
B36: ='RAB GIK UGM'!C27 -> Analisis keselamatan pekerjaan | D36: ='RAB GIK UGM'!E27 -> 25 | E36: ='RAB GIK UGM'!F27 -> 7500 | F36: 0.11 | G36: =D36*E36*(1+F36) -> 208125 | H36: 1 | I36: =G36*H36 -> 208125
B37: ='RAB GIK UGM'!C28 -> Perilaku berbasis keselamatan (Budaya Berkeselamatan konstruksi) | D37: ='RAB GIK UGM'!E28 -> 25 | E37: ='RAB GIK UGM'!F28 -> 7500 | F37: 0.11 | G37: =D37*E37*(1+F37) -> 208125 | H37: 1 | I37: =G37*H37 -> 208125
B38: ='RAB GIK UGM'!C29 -> P3K | D38: ='RAB GIK UGM'!E29 -> 25 | E38: ='RAB GIK UGM'!F29 -> 7500 | F38: 0.11 | G38: =D38*E38*(1+F38) -> 208125 | H38: 1 | I38: =G38*H38 -> 208125
B39: ='RAB GIK UGM'!C30 -> Simulasi Keselamatan Konstruksi | D39: ='RAB GIK UGM'!E30 -> 50 | E39: ='RAB GIK UGM'!F30 -> 7500 | F39: 0.11 | G39: =D39*E39*(1+F39) -> 416250 | H39: 1 | I39: =G39*H39 -> 416250
B40: ='RAB GIK UGM'!C31 -> Spanduk (Banner) | D40: ='RAB GIK UGM'!E31 -> 8 | E40: ='RAB GIK UGM'!F31 -> 450000 | F40: 0.11 | G40: =D40*E40*(1+F40) -> 3996000 | H40: 1 | I40: =G40*H40 -> 3996000
B41: ='RAB GIK UGM'!C32 -> Poster/leaflet | D41: ='RAB GIK UGM'!E32 -> 8 | E41: ='RAB GIK UGM'!F32 -> 175000 | F41: 0.11 | G41: =D41*E41*(1+F41) -> 1554000 | H41: 1 | I41: =G41*H41 -> 1554000
B42: ='RAB GIK UGM'!C33 -> Papan Informasi Keselamatan Konstruksi | D42: ='RAB GIK UGM'!E33 -> 10 | E42: ='RAB GIK UGM'!F33 -> 400000 | F42: 0.11 | G42: =D42*E42*(1+F42) -> 4440000 | H42: 1 | I42: =G42*H42 -> 4440000
B43: ='RAB GIK UGM'!C34 -> Alat Pelindung Kerja dan Alat Pelindung Diri | D43: ='RAB GIK UGM'!E34 -> 0 | E43: ='RAB GIK UGM'!F34 -> 0 | I43: =G43*H43 -> 0
B44: ='RAB GIK UGM'!C35 -> APK antara lain | D44: ='RAB GIK UGM'!E35 -> 0 | E44: ='RAB GIK UGM'!F35 -> 0
B45: ='RAB GIK UGM'!C36 -> Tali Keselamatan (Life Line) | D45: ='RAB GIK UGM'!E36 -> 413.08 | E45: ='RAB GIK UGM'!F36 -> 25000 | F45: 0.11 | G45: =D45*E45*(1+F45) -> 11462970 | H45: 1 | I45: =G45*H45 -> 11462970
B46: ='RAB GIK UGM'!C37 -> Pagar Pengaman (Guard Railling) | D46: ='RAB GIK UGM'!E37 -> 95 | E46: ='RAB GIK UGM'!F37 -> 240000 | F46: 0.11 | G46: =D46*E46*(1+F46) -> 25308000 | H46: 1 | I46: =G46*H46 -> 25308000
B47: ='RAB GIK UGM'!C38 -> Pembatas Area (Restricted Area) | D47: ='RAB GIK UGM'!E38 -> 100 | E47: ='RAB GIK UGM'!F38 -> 250000 | F47: 0.11 | G47: =D47*E47*(1+F47) -> 27750000 | H47: 1 | I47: =G47*H47 -> 27750000
B48: ='RAB GIK UGM'!C39 -> APD antara lain | D48: ='RAB GIK UGM'!E39 -> 0 | E48: ='RAB GIK UGM'!F39 -> 0
B49: ='RAB GIK UGM'!C40 -> Topi Pelindung (Safety Helmet) | D49: ='RAB GIK UGM'!E40 -> 300 | E49: ='RAB GIK UGM'!F40 -> 65000 | F49: 0.11 | G49: =D49*E49*(1+F49) -> 21645000 | H49: 1 | I49: =G49*H49 -> 21645000
B50: ='RAB GIK UGM'!C41 -> Pelindung Mata (Goggles, Spectacles) | D50: ='RAB GIK UGM'!E41 -> 250 | E50: ='RAB GIK UGM'!F41 -> 90000 | F50: 0.11 | G50: =D50*E50*(1+F50) -> 24975000 | H50: 1 | I50: =G50*H50 -> 24975000
B51: ='RAB GIK UGM'!C42 -> Pelindung telinga (ear plug, Ear Muff) | D51: ='RAB GIK UGM'!E42 -> 50 | E51: ='RAB GIK UGM'!F42 -> 10000 | F51: 0.11 | G51: =D51*E51*(1+F51) -> 555000 | H51: 1 | I51: =G51*H51 -> 555000
B52: ='RAB GIK UGM'!C43 -> Pelindung pernafasan dan mulut (masker, masker respirator) | D52: ='RAB GIK UGM'!E43 -> 200 | E52: ='RAB GIK UGM'!F43 -> 7500 | F52: 0.11 | G52: =D52*E52*(1+F52) -> 1665000 | H52: 1 | I52: =G52*H52 -> 1665000
B53: ='RAB GIK UGM'!C44 -> Sarung Tangan (Safety Gloves) | D53: ='RAB GIK UGM'!E44 -> 200 | E53: ='RAB GIK UGM'!F44 -> 7500 | F53: 0.11 | G53: =D53*E53*(1+F53) -> 1665000 | H53: 1 | I53: =G53*H53 -> 1665000
B54: ='RAB GIK UGM'!C45 -> Sepatu Keselamatan (Safety Shoes, rubber safety shoes and toe cap) | D54: ='RAB GIK UGM'!E45 -> 300 | E54: ='RAB GIK UGM'!F45 -> 130000 | F54: 0.11 | G54: =D54*E54*(1+F54) -> 43290000 | H54: 1 | I54: =G54*H54 -> 43290000
B55: ='RAB GIK UGM'!C46 -> Penunjang Seluruh Tubuh (Full Body Harness) | D55: ='RAB GIK UGM'!E46 -> 100 | E55: ='RAB GIK UGM'!F46 -> 1050000 | F55: 0.11 | G55: =D55*E55*(1+F55) -> 1.1655e+08 | H55: 1 | I55: =G55*H55 -> 1.1655e+08
B56: ='RAB GIK UGM'!C47 -> Rompi Keselamatan (Safety Vest) | D56: ='RAB GIK UGM'!E47 -> 300 | E56: ='RAB GIK UGM'!F47 -> 30000 | F56: 0.11 | G56: =D56*E56*(1+F56) -> 9990000 | H56: 1 | I56: =G56*H56 -> 9990000
B57: ='RAB GIK UGM'!C48 -> Celemek (Apron/Coveralls) | D57: ='RAB GIK UGM'!E48 -> 100 | E57: ='RAB GIK UGM'!F48 -> 100000 | F57: 0.11 | G57: =D57*E57*(1+F57) -> 11100000 | H57: 1 | I57: =G57*H57 -> 11100000
B58: ='RAB GIK UGM'!C49 -> Pelindung Jatuh (Fall Arrester) | D58: ='RAB GIK UGM'!E49 -> 50 | E58: ='RAB GIK UGM'!F49 -> 425000 | F58: 0.11 | G58: =D58*E58*(1+F58) -> 23587500 | H58: 1 | I58: =G58*H58 -> 23587500
B59: ='RAB GIK UGM'!C50 -> Asuransi dan perizinan | D59: ='RAB GIK UGM'!E50 -> 0 | E59: ='RAB GIK UGM'!F50 -> 0
B60: ='RAB GIK UGM'!C51 -> Asuransi (Construction All Risk /CAR) | D60: ='RAB GIK UGM'!E51 -> 1 | E60: ='RAB GIK UGM'!F51 -> 2.3982884e+08 | F60: 0.11 | G60: =D60*E60*(1+F60) -> 2.6621001e+08 | H60: 1 | I60: =G60*H60 -> 2.6621001e+08
B61: ='RAB GIK UGM'!C52 -> Uji riksa Alat berat | D61: ='RAB GIK UGM'!E52 -> 4 | E61: ='RAB GIK UGM'!F52 -> 1600000 | F61: 0.11 | G61: =D61*E61*(1+F61) -> 7104000 | H61: 1 | I61: =G61*H61 -> 7104000
B62: ='RAB GIK UGM'!C53 -> Personel Keselamatan Konstruksi | D62: ='RAB GIK UGM'!E53 -> 0 | E62: ='RAB GIK UGM'!F53 -> 0
B63: ='RAB GIK UGM'!C54 -> Petugas Keselamatan Konstruksi, Petugas K3 Konstruksi | D63: ='RAB GIK UGM'!E54 -> 12 | E63: ='RAB GIK UGM'!F54 -> 2200000 | F63: 0.11 | G63: =D63*E63*(1+F63) -> 29304000 | H63: 1 | I63: =G63*H63 -> 29304000
B64: ='RAB GIK UGM'!C55 -> Petugas Tanggap darurat/Petugas pemadam kebakaran | D64: ='RAB GIK UGM'!E55 -> 12 | E64: ='RAB GIK UGM'!F55 -> 2200000 | F64: 0.11 | G64: =D64*E64*(1+F64) -> 29304000 | H64: 1 | I64: =G64*H64 -> 29304000
B65: ='RAB GIK UGM'!C56 -> Petugas P3K | D65: ='RAB GIK UGM'!E56 -> 12 | E65: ='RAB GIK UGM'!F56 -> 3000000 | F65: 0.11 | G65: =D65*E65*(1+F65) -> 39960000 | H65: 1 | I65: =G65*H65 -> 39960000
B66: ='RAB GIK UGM'!C57 -> Tenaga medis dan/atau kesehatan (Dokter atau Paramedis) | D66: ='RAB GIK UGM'!E57 -> 12 | E66: ='RAB GIK UGM'!F57 -> 4000000 | F66: 0.11 | G66: =D66*E66*(1+F66) -> 53280000 | H66: 1 | I66: =G66*H66 -> 53280000
B67: ='RAB GIK UGM'!C58 -> Petugas pengatur lalu lintas | D67: ='RAB GIK UGM'!E58 -> 12 | E67: ='RAB GIK UGM'!F58 -> 2200000 | F67: 0.11 | G67: =D67*E67*(1+F67) -> 29304000 | H67: 1 | I67: =G67*H67 -> 29304000
B68: ='RAB GIK UGM'!C59 -> Fasilitas, sarana dan prasarana kesehatan | D68: ='RAB GIK UGM'!E59 -> 0 | E68: ='RAB GIK UGM'!F59 -> 0
B69: ='RAB GIK UGM'!C60 -> Peralatan P3K | D69: ='RAB GIK UGM'!E60 -> 1 | E69: ='RAB GIK UGM'!F60 -> 7500000 | F69: 0.11 | G69: =D69*E69*(1+F69) -> 8325000 | H69: 1 | I69: =G69*H69 -> 8325000
B70: ='RAB GIK UGM'!C61 -> Ruang P3K | D70: ='RAB GIK UGM'!E61 -> 1 | E70: ='RAB GIK UGM'!F61 -> 4000000 | F70: 0.11 | G70: =D70*E70*(1+F70) -> 4440000 | H70: 1 | I70: =G70*H70 -> 4440000
B71: ='RAB GIK UGM'!C62 -> Peralatan pengasapan (obat dan mesin fogging) | D71: ='RAB GIK UGM'!E62 -> 10 | E71: ='RAB GIK UGM'!F62 -> 850000 | F71: 0.11 | G71: =D71*E71*(1+F71) -> 9435000 | H71: 1 | I71: =G71*H71 -> 9435000
B72: ='RAB GIK UGM'!C63 -> Ambulans (sewa) | D72: ='RAB GIK UGM'!E63 -> 1 | E72: ='RAB GIK UGM'!F63 -> 16200000 | F72: 0.11 | G72: =D72*E72*(1+F72) -> 17982000 | H72: 1 | I72: =G72*H72 -> 17982000
B73: ='RAB GIK UGM'!C64 -> Rambu dan Perlengkapan lalu lintas yang diperlukan atau manajemen lalu lintas | D73: ='RAB GIK UGM'!E64 -> 0 | E73: ='RAB GIK UGM'!F64 -> 0
B74: ='RAB GIK UGM'!C65 -> Rambu petunjuk | D74: ='RAB GIK UGM'!E65 -> 3 | E74: ='RAB GIK UGM'!F65 -> 125000 | F74: 0.11 | G74: =D74*E74*(1+F74) -> 416250 | H74: 1 | I74: =G74*H74 -> 416250
B75: ='RAB GIK UGM'!C66 -> Rambu larangan | D75: ='RAB GIK UGM'!E66 -> 3 | E75: ='RAB GIK UGM'!F66 -> 125000 | F75: 0.11 | G75: =D75*E75*(1+F75) -> 416250 | H75: 1 | I75: =G75*H75 -> 416250
B76: ='RAB GIK UGM'!C67 -> Rambu peringatan | D76: ='RAB GIK UGM'!E67 -> 3 | E76: ='RAB GIK UGM'!F67 -> 125000 | F76: 0.11 | G76: =D76*E76*(1+F76) -> 416250 | H76: 1 | I76: =G76*H76 -> 416250
B77: ='RAB GIK UGM'!C68 -> Rambu kewajiban | D77: ='RAB GIK UGM'!E68 -> 3 | E77: ='RAB GIK UGM'!F68 -> 125000 | F77: 0.11 | G77: =D77*E77*(1+F77) -> 416250 | H77: 1 | I77: =G77*H77 -> 416250
B78: ='RAB GIK UGM'!C69 -> Rambu informasi | D78: ='RAB GIK UGM'!E69 -> 3 | E78: ='RAB GIK UGM'!F69 -> 125000 | F78: 0.11 | G78: =D78*E78*(1+F78) -> 416250 | H78: 1 | I78: =G78*H78 -> 416250
B79: ='RAB GIK UGM'!C70 -> Rambu pekerjaan sementara | D79: ='RAB GIK UGM'!E70 -> 3 | E79: ='RAB GIK UGM'!F70 -> 125000 | F79: 0.11 | G79: =D79*E79*(1+F79) -> 416250 | H79: 1 | I79: =G79*H79 -> 416250
B80: ='RAB GIK UGM'!C71 -> Jalur Evakuasi (Petunjuk Escape Route) | D80: ='RAB GIK UGM'!E71 -> 9 | E80: ='RAB GIK UGM'!F71 -> 55000 | F80: 0.11 | G80: =D80*E80*(1+F80) -> 549450 | H80: 1 | I80: =G80*H80 -> 549450
B81: ='RAB GIK UGM'!C72 -> Kerucut lalu lintas (Traffic Cone) | D81: ='RAB GIK UGM'!E72 -> 20 | E81: ='RAB GIK UGM'!F72 -> 300000 | F81: 0.11 | G81: =D81*E81*(1+F81) -> 6660000 | H81: 1 | I81: =G81*H81 -> 6660000
B82: ='RAB GIK UGM'!C73 -> Lampu putar (Rotary Lamp) | D82: ='RAB GIK UGM'!E73 -> 20 | E82: ='RAB GIK UGM'!F73 -> 750000 | F82: 0.11 | G82: =D82*E82*(1+F82) -> 16650000 | H82: 1 | I82: =G82*H82 -> 16650000
B83: ='RAB GIK UGM'!C74 -> Pembatas Jalan (water barrier) | D83: ='RAB GIK UGM'!E74 -> 20 | E83: ='RAB GIK UGM'!F74 -> 1000000 | F83: 0.11 | G83: =D83*E83*(1+F83) -> 22200000 | H83: 1 | I83: =G83*H83 -> 22200000
B84: ='RAB GIK UGM'!C75 -> Lampu/alat penerangan sementara | D84: ='RAB GIK UGM'!E75 -> 20 | E84: ='RAB GIK UGM'!F75 -> 1400000 | F84: 0.11 | G84: =D84*E84*(1+F84) -> 31080000 | H84: 1 | I84: =G84*H84 -> 31080000
B85: ='RAB GIK UGM'!C76 -> Konsultasi dengan Ahli terkait Keselamatan Konstruksi | D85: ='RAB GIK UGM'!E76 -> 0 | E85: ='RAB GIK UGM'!F76 -> 0
B86: ='RAB GIK UGM'!C77 -> Ahli Mekanikal (Madya) | D86: ='RAB GIK UGM'!E77 -> 12 | E86: ='RAB GIK UGM'!F77 -> 2000000 | F86: 0.11 | G86: =D86*E86*(1+F86) -> 26640000 | H86: 1 | I86: =G86*H86 -> 26640000
B87: ='RAB GIK UGM'!C78 -> Ahli Elektrikal (Madya) | D87: ='RAB GIK UGM'!E78 -> 12 | E87: ='RAB GIK UGM'!F78 -> 2000000 | F87: 0.11 | G87: =D87*E87*(1+F87) -> 26640000 | H87: 1 | I87: =G87*H87 -> 26640000
B88: ='RAB GIK UGM'!C79 -> Kegiatan dan peralatan terkait Pengendalian Risiko Keselamatan Konstruksi | D88: ='RAB GIK UGM'!E79 -> 0 | E88: ='RAB GIK UGM'!F79 -> 0
B89: ='RAB GIK UGM'!C80 -> Alat Pemadam Api Portable (APAP) | D89: ='RAB GIK UGM'!E80 -> 4 | E89: ='RAB GIK UGM'!F80 -> 1100000 | F89: 0.11 | G89: =D89*E89*(1+F89) -> 4884000 | H89: 1 | I89: =G89*H89 -> 4884000
B90: ='RAB GIK UGM'!C81 -> Bendera K3 | D90: ='RAB GIK UGM'!E81 -> 1 | E90: ='RAB GIK UGM'!F81 -> 180000 | F90: 0.11 | G90: =D90*E90*(1+F90) -> 199800 | H90: 1 | I90: =G90*H90 -> 199800
B91: ='RAB GIK UGM'!C82 -> Pembuatan Kartu Identitas Pekerja (KIP) | D91: ='RAB GIK UGM'!E82 -> 50 | E91: ='RAB GIK UGM'!F82 -> 7500 | F91: 0.11 | G91: =D91*E91*(1+F91) -> 416250 | H91: 1 | I91: =G91*H91 -> 416250
B92: ='RAB GIK UGM'!C83 -> Lampu darurat (Emergency Lamp) | D92: ='RAB GIK UGM'!E83 -> 3 | E92: ='RAB GIK UGM'!F83 -> 750000 | F92: 0.11 | G92: =D92*E92*(1+F92) -> 2497500 | H92: 1 | I92: =G92*H92 -> 2497500
B93: ='RAB GIK UGM'!C84 -> Pemeriksaan lingkungan/uji sampling antara lain - pengujian kualitas air, - udara, - kebisingan, - getaran, - limbah B3, - pencahayaan | D93: ='RAB GIK UGM'!E84 -> 7 | E93: ='RAB GIK UGM'!F84 -> 13500000 | F93: 0.11 | G93: =D93*E93*(1+F93) -> 1.04895e+08 | H93: 1 | I93: =G93*H93 -> 1.04895e+08
B94: ='RAB GIK UGM'!C85 -> Audit eksternal | D94: ='RAB GIK UGM'!E85 -> 2 | E94: ='RAB GIK UGM'!F85 -> 250000 | F94: 0.11 | G94: =D94*E94*(1+F94) -> 555000 | H94: 1 | I94: =G94*H94 -> 555000
B95: ='RAB GIK UGM'!C86 -> CCTV + alat pendukung sistem terpasang lengkap (sewa) | D95: ='RAB GIK UGM'!E86 -> 5 | E95: ='RAB GIK UGM'!F86 -> 2250000 | F95: 0.11 | G95: =D95*E95*(1+F95) -> 12487500 | H95: 1 | I95: =G95*H95 -> 12487500
B96: JUMLAH | C96: =B25 -> MATA PEMBAYARAN PERKIRAAN BIAYA PENERAPAN SMKKK | G96: =SUM(G26:G95) -> 1.0900542e+09 | H96: =I96/G96 -> 1 | I96: =SUM(I26:I95) -> 1.0900542e+09
B97: ='RAB GIK UGM'!C87 -> MATA PEMBAYARAN PEKERJAAN UTAMA
B98: ='RAB GIK UGM'!C88 -> PEKERJAAN STRUKTUR
B99: ='RAB GIK UGM'!C89 -> ZONA D
B100: ='RAB GIK UGM'!C90 -> RETAIL ROOF ZONA D
B101: ='RAB GIK UGM'!C91 -> Pembuatan 1 kg baja profil WF 400.200.8.13 (Termasuk Pengelasan, Perakitan, Zinchromate & Cat Finish Anti Karat) | D101: ='RAB GIK UGM'!E91 -> 7658.11 | E101: ='RAB GIK UGM'!F91 -> 29031 | F101: 0.11 | G101: =D101*E101*(1+F101) -> 2.4677808e+08 | H101: 1 | I101: =G101*H101 -> 2.4677808e+08
B102: ='RAB GIK UGM'!C92 -> Pembuatan 1 kg baja profil WF 300.150.6.5.9 (Termasuk Pengelasan, Perakitan, Zinchromate & Cat Finish Anti Karat) | D102: ='RAB GIK UGM'!E92 -> 575.24 | E102: ='RAB GIK UGM'!F92 -> 29031 | F102: 0.11 | G102: =D102*E102*(1+F102) -> 18536770 | H102: 1 | I102: =G102*H102 -> 18536770
B103: ='RAB GIK UGM'!C93 -> Pembuatan 1 kg baja profil CNP 200.75.20.3,2 (Termasuk Pengelasan, Perakitan, Zinchromate & Cat Finish Anti Karat) | D103: ='RAB GIK UGM'!E93 -> 2988.79 | E103: ='RAB GIK UGM'!F93 -> 29031 | F103: 0.11 | G103: =D103*E103*(1+F103) -> 96311994 | H103: 1 | I103: =G103*H103 -> 96311994
B104: ='RAB GIK UGM'!C94 -> Sagrod 12 mm | D104: ='RAB GIK UGM'!E94 -> 440.38 | E104: ='RAB GIK UGM'!F94 -> 14237 | F104: 0.11 | G104: =D104*E104*(1+F104) -> 6959356 | H104: 1 | I104: =G104*H104 -> 6959356
B105: ='RAB GIK UGM'!C95 -> Plat 20 mm | D105: ='RAB GIK UGM'!E95 -> 20.89 | E105: ='RAB GIK UGM'!F95 -> 29031 | F105: 0.11 | G105: =D105*E105*(1+F105) -> 673167.92 | H105: 1 | I105: =G105*H105 -> 673167.92
B106: ='RAB GIK UGM'!C96 -> Plat 24mm | D106: ='RAB GIK UGM'!E96 -> 942.59 | E106: ='RAB GIK UGM'!F96 -> 29031 | F106: 0.11 | G106: =D106*E106*(1+F106) -> 30374407 | H106: 1 | I106: =G106*H106 -> 30374407
B107: ='RAB GIK UGM'!C97 -> Plat 12mm | D107: ='RAB GIK UGM'!E97 -> 314.2 | E107: ='RAB GIK UGM'!F97 -> 29031 | F107: 0.11 | G107: =D107*E107*(1+F107) -> 10124910 | H107: 1 | I107: =G107*H107 -> 10124910
...

Sheet IMPOR
A1: M. BENTUK DAFTAR BARANG YANG DIIMPOR DAFTAR BARANG YANG DIIMPOR1
A2: =TKDN!A7 -> NAMA PENYEDIA | C2: =TKDN!C7 -> : PT. SINAR CERAH SEMPURNA
A3: =TKDN!A9 -> Lokasi | C3: =TKDN!C9 -> : Jl. Pancasila No. 1, Blimbing Sari, Caturtunggal, Kec. Depok, Kabupaten Sleman, Daerah Istimewa Yogyakarta
A4: =TKDN!A10 -> Sumber Dana | C4: =TKDN!C10 -> : APBN
A5: =TKDN!A11 -> Tahun Anggaran | C5: =TKDN!C11 -> : Tahun Jamak (MYC) 2025 - 2026
A7: N O | B7: NAMA BARANG / URAIAN | F7: SPESIFIKASI | G7: SATUAN | H7: JUMLA H | I7: HARGA | J7: NEGARA ASAL
A10: 1 | B10: =TKDN!B295 -> INSTALASI GENSET
B11: =TKDN!B296 -> Pengadaan Genset
B12: =TKDN!B297 -> Pengadaan & pemasangan Genset kap. 2500 Kva prime tipe Open (built up) | G12: unit | H12: =TKDN!D297 -> 1 | I12: =TKDN!E297 -> 7437500000 | J12: AS
A15: 2 | B15: =TKDN!B1037 -> PENGADAAN LIFT
B16: =TKDN!B1038 -> Zona A
B17: =TKDN!B1039 -> Lift TKDN Kapasitas 1350 kg 2 Lantai | G17: unit | H17: =TKDN!D1039 -> 1 | I17: =TKDN!E1039 -> 737500000 | J17: Taiwan
B18: =TKDN!B1048 -> Zona C
B19: =TKDN!B1049 -> Lift TKDN Kapasitas 1350 kg 2 Lantai | G19: unit | H19: =TKDN!D1049 -> 1 | I19: =TKDN!E1049 -> 737500000 | J19: Taiwan
B20: =TKDN!B1058 -> Zona D
B21: =TKDN!B1059 -> Lift TKDN Kapasitas 1350 kg 3 Lantai | G21: =G19 -> unit | H21: =TKDN!D1059 -> 1 | I21: =TKDN!E1059 -> 775000000 | J21: Taiwan
B22: =TKDN!B1068 -> Zona D
B23: =TKDN!B1069 -> Lift TKDN Kapasitas 1350 kg 2 Lantai | G23: =G21 -> unit | H23: =TKDN!D1069 -> 1 | I23: =TKDN!E1069 -> 737500000 | J23: Taiwan
B24: =TKDN!B1078 -> Zona F
B25: =TKDN!B1079 -> Lift TKDN Kapasitas 1350 kg 3 Lantai | G25: =G23 -> unit | H25: =TKDN!D1079 -> 1 | I25: =TKDN!E1079 -> 775000000 | J25: Taiwan
B26: =TKDN!B1088 -> Zona Eks BNI
B27: =TKDN!B1089 -> Lift TKDN Kapasitas 1600 kg 3 Lantai | G27: =G25 -> unit | H27: =TKDN!D1089 -> 1 | I27: =TKDN!E1089 -> 862500000 | J27: Taiwan
A32: TOTAL HARGA | I32: =SUM(I29:I31) -> 0
A34: 1 Diisi dan dilampirkan dalam penawaran apabila ada barang yang diimpor

Sheet RINCIAN TETAP
A1: LPSE Kementerian Pekerjaan Umum dan Perumahan Rakyat - Pembangunan Gedung Gelanggang Inovasi dan Kreativitas (GIK) UGM Tahap II
A3: a) Jangan mengubah, mengurangi atau menambahkan nama kolom
A4: b) Silakan isi kolom Harga satuan (D), Pajak (E) dan Keterangan (H)
A5: c) Tidak boleh mengubah dan menambah rincian barang/jasa, satuan, dan volume
A7: Jenis barang/jasa | B7: Satuan | C7: Volume | F7: Harga satuan (Rp.) | G7: Pajak (%) | H7: Pajak (Rp.) | I7: Total (Rp.) | J7: Keterangan | K7: PDN
A8: MATA PEMBAYARAN UMUM | C8: 0 | F8: 0 | G8: 0 | H8: =(C8*F8)*G8/100 -> 0 | I8: =(C8*F8)+H8 -> 0 | K8: FALSE
A9: PEKERJAAN PERSIAPAN | C9: 0 | F9: 0 | G9: 0 | H9: =(C9*F9)*G9/100 -> 0 | I9: =(C9*F9)+H9 -> 0 | K9: FALSE
A10: Pengukuran dan pemasangan Bouwplank | B10: m1 | C10: 120 | D10: ='RAB GIK UGM'!E11 -> 120 | E10: ='RAB GIK UGM'!F11 -> 62700 | F10: =ROUND(E10,2) -> 62700 | G10: 11 | H10: =(C10*F10)*G10/100 -> 827640 | I10: =(C10*F10)+H10 -> 8351640 | K10: FALSE | L10: =('RAB GIK UGM'!G11*1.11)-I10 -> 0
A11: Papan nama proyek | B11: unit | C11: 1 | D11: ='RAB GIK UGM'!E12 -> 1 | E11: ='RAB GIK UGM'!F12 -> 1750000 | F11: =ROUND(E11,2) -> 1750000 | G11: 11 | H11: =(C11*F11)*G11/100 -> 192500 | I11: =(C11*F11)+H11 -> 1942500 | K11: FALSE | L11: =('RAB GIK UGM'!G12*1.11)-I11 -> 0
A12: Pembuatan gudang (sewa) | B12: m2 | C12: 80 | D12: ='RAB GIK UGM'!E13 -> 80 | E12: ='RAB GIK UGM'!F13 -> 1587657 | F12: =ROUND(E12,2) -> 1587657 | G12: 11 | H12: =(C12*F12)*G12/100 -> 13971382 | I12: =(C12*F12)+H12 -> 1.4098394e+08 | K12: FALSE | L12: =('RAB GIK UGM'!G13*1.11)-I12 -> 0
A13: Pembuatan bedeng pekerja (sewa) | B13: m2 | C13: 60 | D13: ='RAB GIK UGM'!E14 -> 60 | E13: ='RAB GIK UGM'!F14 -> 1587657 | F13: =ROUND(E13,2) -> 1587657 | G13: 11 | H13: =(C13*F13)*G13/100 -> 10478536 | I13: =(C13*F13)+H13 -> 1.0573796e+08 | K13: FALSE | L13: =('RAB GIK UGM'!G14*1.11)-I13 -> 0
A14: Sekat\/Pagar Pembatas (Sewa) | B14: m1 | C14: 256.47 | D14: ='RAB GIK UGM'!E15 -> 256.47 | E14: ='RAB GIK UGM'!F15 -> 329518.33 | F14: =ROUND(E14,2) -> 329518.33 | G14: 11 | H14: =(C14*F14)*G14/100 -> 9296272.3 | I14: =(C14*F14)+H14 -> 93807838 | K14: FALSE | L14: =('RAB GIK UGM'!G15*1.11)-I14 -> 0.94893903
A15: MATA PEMBAYARAN PERKIRAAN BIAYA PENERAPAN SMKKK | C15: 0 | D15: ='RAB GIK UGM'!E16 -> 0 | E15: ='RAB GIK UGM'!F16 -> 0 | F15: =ROUND(E15,2) -> 0 | G15: 0 | H15: =(C15*F15)*G15/100 -> 0 | I15: =(C15*F15)+H15 -> 0 | K15: FALSE | L15: =('RAB GIK UGM'!G16*1.11)-I15 -> 0
A16: Penyiapan RKK | C16: 0 | D16: ='RAB GIK UGM'!E17 -> 0 | E16: ='RAB GIK UGM'!F17 -> 0 | F16: =ROUND(E16,2) -> 0 | G16: 0 | H16: =(C16*F16)*G16/100 -> 0 | I16: =(C16*F16)+H16 -> 0 | K16: FALSE | L16: =('RAB GIK UGM'!G17*1.11)-I16 -> 0
A17: Pembuatan dokumen RKK, RKPPL, RMLLP, RMPK | B17: set | C17: 1 | D17: ='RAB GIK UGM'!E18 -> 1 | E17: ='RAB GIK UGM'!F18 -> 1450000 | F17: =ROUND(E17,2) -> 1450000 | G17: 11 | H17: =(C17*F17)*G17/100 -> 159500 | I17: =(C17*F17)+H17 -> 1609500 | K17: FALSE | L17: =('RAB GIK UGM'!G18*1.11)-I17 -> 0
A18: Pembuatan prosedur dan instruksi kerja | B18: set | C18: 1 | D18: ='RAB GIK UGM'!E19 -> 1 | E18: ='RAB GIK UGM'!F19 -> 750000 | F18: =ROUND(E18,2) -> 750000 | G18: 11 | H18: =(C18*F18)*G18/100 -> 82500 | I18: =(C18*F18)+H18 -> 832500 | K18: FALSE | L18: =('RAB GIK UGM'!G19*1.11)-I18 -> 0
A19: Penyusunan pelaporan penerapan SMKK | B19: set | C19: 1 | D19: ='RAB GIK UGM'!E20 -> 1 | E19: ='RAB GIK UGM'!F20 -> 750000 | F19: =ROUND(E19,2) -> 750000 | G19: 11 | H19: =(C19*F19)*G19/100 -> 82500 | I19: =(C19*F19)+H19 -> 832500 | K19: FALSE | L19: =('RAB GIK UGM'!G20*1.11)-I19 -> 0
A20: Sosialisasi, promosi dan pelatihan | C20: 0 | D20: ='RAB GIK UGM'!E21 -> 0 | E20: ='RAB GIK UGM'!F21 -> 0 | F20: =ROUND(E20,2) -> 0 | G20: 0 | H20: =(C20*F20)*G20/100 -> 0 | I20: =(C20*F20)+H20 -> 0 | K20: FALSE | L20: =('RAB GIK UGM'!G21*1.11)-I20 -> 0
A21: Induksi Keselamatan Konstruksi (Safety Induction) | B21: org | C21: 100 | D21: ='RAB GIK UGM'!E22 -> 100 | E21: ='RAB GIK UGM'!F22 -> 7500 | F21: =ROUND(E21,2) -> 7500 | G21: 11 | H21: =(C21*F21)*G21/100 -> 82500 | I21: =(C21*F21)+H21 -> 832500 | K21: FALSE | L21: =('RAB GIK UGM'!G22*1.11)-I21 -> 0
A22: Pengarahan Keselamatan Konstruksi (Safety Briefing) | B22: org | C22: 100 | D22: ='RAB GIK UGM'!E23 -> 100 | E22: ='RAB GIK UGM'!F23 -> 7500 | F22: =ROUND(E22,2) -> 7500 | G22: 11 | H22: =(C22*F22)*G22/100 -> 82500 | I22: =(C22*F22)+H22 -> 832500 | K22: FALSE | L22: =('RAB GIK UGM'!G23*1.11)-I22 -> 0
A23: Pertemuan keselamatan (Safety Talk dan\/atau Tool Box Meeting) | B23: org | C23: 100 | D23: ='RAB GIK UGM'!E24 -> 100 | E23: ='RAB GIK UGM'!F24 -> 7500 | F23: =ROUND(E23,2) -> 7500 | G23: 11 | H23: =(C23*F23)*G23/100 -> 82500 | I23: =(C23*F23)+H23 -> 832500 | K23: FALSE | L23: =('RAB GIK UGM'!G24*1.11)-I23 -> 0
A24: Pelatihan Keselamatan Konstruksi | C24: 0 | D24: ='RAB GIK UGM'!E25 -> 0 | E24: ='RAB GIK UGM'!F25 -> 0 | F24: =ROUND(E24,2) -> 0 | G24: 0 | H24: =(C24*F24)*G24/100 -> 0 | I24: =(C24*F24)+H24 -> 0 | K24: FALSE | L24: =('RAB GIK UGM'!G25*1.11)-I24 -> 0
A25: Penggunaan bahan kimia (MSDS) | B25: org | C25: 25 | D25: ='RAB GIK UGM'!E26 -> 25 | E25: ='RAB GIK UGM'!F26 -> 7500 | F25: =ROUND(E25,2) -> 7500 | G25: 11 | H25: =(C25*F25)*G25/100 -> 20625 | I25: =(C25*F25)+H25 -> 208125 | K25: FALSE | L25: =('RAB GIK UGM'!G26*1.11)-I25 -> 0
A26: Analisis keselamatan pekerjaan | B26: org | C26: 25 | D26: ='RAB GIK UGM'!E27 -> 25 | E26: ='RAB GIK UGM'!F27 -> 7500 | F26: =ROUND(E26,2) -> 7500 | G26: 11 | H26: =(C26*F26)*G26/100 -> 20625 | I26: =(C26*F26)+H26 -> 208125 | K26: FALSE | L26: =('RAB GIK UGM'!G27*1.11)-I26 -> 0
A27: Perilaku berbasis keselamatan (Budaya Berkeselamatan konstruksi) | B27: org | C27: 25 | D27: ='RAB GIK UGM'!E28 -> 25 | E27: ='RAB GIK UGM'!F28 -> 7500 | F27: =ROUND(E27,2) -> 7500 | G27: 11 | H27: =(C27*F27)*G27/100 -> 20625 | I27: =(C27*F27)+H27 -> 208125 | K27: FALSE | L27: =('RAB GIK UGM'!G28*1.11)-I27 -> 0
A28: P3K | B28: org | C28: 25 | D28: ='RAB GIK UGM'!E29 -> 25 | E28: ='RAB GIK UGM'!F29 -> 7500 | F28: =ROUND(E28,2) -> 7500 | G28: 11 | H28: =(C28*F28)*G28/100 -> 20625 | I28: =(C28*F28)+H28 -> 208125 | K28: FALSE | L28: =('RAB GIK UGM'!G29*1.11)-I28 -> 0
A29: Simulasi Keselamatan Konstruksi | B29: org | C29: 50 | D29: ='RAB GIK UGM'!E30 -> 50 | E29: ='RAB GIK UGM'!F30 -> 7500 | F29: =ROUND(E29,2) -> 7500 | G29: 11 | H29: =(C29*F29)*G29/100 -> 41250 | I29: =(C29*F29)+H29 -> 416250 | K29: FALSE | L29: =('RAB GIK UGM'!G30*1.11)-I29 -> 0
A30: Spanduk (Banner) | B30: lb | C30: 8 | D30: ='RAB GIK UGM'!E31 -> 8 | E30: ='RAB GIK UGM'!F31 -> 450000 | F30: =ROUND(E30,2) -> 450000 | G30: 11 | H30: =(C30*F30)*G30/100 -> 396000 | I30: =(C30*F30)+H30 -> 3996000 | K30: FALSE | L30: =('RAB GIK UGM'!G31*1.11)-I30 -> 0
A31: Poster\/leaflet | B31: lb | C31: 8 | D31: ='RAB GIK UGM'!E32 -> 8 | E31: ='RAB GIK UGM'!F32 -> 175000 | F31: =ROUND(E31,2) -> 175000 | G31: 11 | H31: =(C31*F31)*G31/100 -> 154000 | I31: =(C31*F31)+H31 -> 1554000 | K31: FALSE | L31: =('RAB GIK UGM'!G32*1.11)-I31 -> 0
A32: Papan Informasi Keselamatan Konstruksi | B32: bh | C32: 10 | D32: ='RAB GIK UGM'!E33 -> 10 | E32: ='RAB GIK UGM'!F33 -> 400000 | F32: =ROUND(E32,2) -> 400000 | G32: 11 | H32: =(C32*F32)*G32/100 -> 440000 | I32: =(C32*F32)+H32 -> 4440000 | K32: FALSE | L32: =('RAB GIK UGM'!G33*1.11)-I32 -> 0
A33: Alat Pelindung Kerja dan Alat Pelindung Diri | C33: 0 | D33: ='RAB GIK UGM'!E34 -> 0 | E33: ='RAB GIK UGM'!F34 -> 0 | F33: =ROUND(E33,2) -> 0 | G33: 0 | H33: =(C33*F33)*G33/100 -> 0 | I33: =(C33*F33)+H33 -> 0 | K33: FALSE | L33: =('RAB GIK UGM'!G34*1.11)-I33 -> 0
A34: APK antara lain | C34: 0 | D34: ='RAB GIK UGM'!E35 -> 0 | E34: ='RAB GIK UGM'!F35 -> 0 | F34: =ROUND(E34,2) -> 0 | G34: 0 | H34: =(C34*F34)*G34/100 -> 0 | I34: =(C34*F34)+H34 -> 0 | K34: FALSE | L34: =('RAB GIK UGM'!G35*1.11)-I34 -> 0
A35: Tali Keselamatan (Life Line) | B35: m | C35: 413.08 | D35: ='RAB GIK UGM'!E36 -> 413.08 | E35: ='RAB GIK UGM'!F36 -> 25000 | F35: =ROUND(E35,2) -> 25000 | G35: 11 | H35: =(C35*F35)*G35/100 -> 1135970 | I35: =(C35*F35)+H35 -> 11462970 | K35: FALSE | L35: =('RAB GIK UGM'!G36*1.11)-I35 -> 0
A36: Pagar Pengaman (Guard Railling) | B36: unit | C36: 95 | D36: ='RAB GIK UGM'!E37 -> 95 | E36: ='RAB GIK UGM'!F37 -> 240000 | F36: =ROUND(E36,2) -> 240000 | G36: 11 | H36: =(C36*F36)*G36/100 -> 2508000 | I36: =(C36*F36)+H36 -> 25308000 | K36: FALSE | L36: =('RAB GIK UGM'!G37*1.11)-I36 -> 0
A37: Pembatas Area (Restricted Area) | B37: roll | C37: 100 | D37: ='RAB GIK UGM'!E38 -> 100 | E37: ='RAB GIK UGM'!F38 -> 250000 | F37: =ROUND(E37,2) -> 250000 | G37: 11 | H37: =(C37*F37)*G37/100 -> 2750000 | I37: =(C37*F37)+H37 -> 27750000 | K37: FALSE | L37: =('RAB GIK UGM'!G38*1.11)-I37 -> 0
A38: APD antara lain | C38: 0 | D38: ='RAB GIK UGM'!E39 -> 0 | E38: ='RAB GIK UGM'!F39 -> 0 | F38: =ROUND(E38,2) -> 0 | G38: 0 | H38: =(C38*F38)*G38/100 -> 0 | I38: =(C38*F38)+H38 -> 0 | K38: FALSE | L38: =('RAB GIK UGM'!G39*1.11)-I38 -> 0
A39: Topi Pelindung (Safety Helmet) | B39: bh | C39: 300 | D39: ='RAB GIK UGM'!E40 -> 300 | E39: ='RAB GIK UGM'!F40 -> 65000 | F39: =ROUND(E39,2) -> 65000 | G39: 11 | H39: =(C39*F39)*G39/100 -> 2145000 | I39: =(C39*F39)+H39 -> 21645000 | K39: FALSE | L39: =('RAB GIK UGM'!G40*1.11)-I39 -> 0
A40: Pelindung Mata (Goggles, Spectacles) | B40: bh | C40: 250 | D40: ='RAB GIK UGM'!E41 -> 250 | E40: ='RAB GIK UGM'!F41 -> 90000 | F40: =ROUND(E40,2) -> 90000 | G40: 11 | H40: =(C40*F40)*G40/100 -> 2475000 | I40: =(C40*F40)+H40 -> 24975000 | K40: FALSE | L40: =('RAB GIK UGM'!G41*1.11)-I40 -> 0
A41: Pelindung telinga (ear plug, Ear Muff) | B41: psg | C41: 50 | D41: ='RAB GIK UGM'!E42 -> 50 | E41: ='RAB GIK UGM'!F42 -> 10000 | F41: =ROUND(E41,2) -> 10000 | G41: 11 | H41: =(C41*F41)*G41/100 -> 55000 | I41: =(C41*F41)+H41 -> 555000 | K41: FALSE | L41: =('RAB GIK UGM'!G42*1.11)-I41 -> 0
A42: Pelindung pernafasan dan mulut (masker, masker respirator) | B42: bh | C42: 200 | D42: ='RAB GIK UGM'!E43 -> 200 | E42: ='RAB GIK UGM'!F43 -> 7500 | F42: =ROUND(E42,2) -> 7500 | G42: 11 | H42: =(C42*F42)*G42/100 -> 165000 | I42: =(C42*F42)+H42 -> 1665000 | K42: FALSE | L42: =('RAB GIK UGM'!G43*1.11)-I42 -> 0
A43: Sarung Tangan (Safety Gloves) | B43: psg | C43: 200 | D43: ='RAB GIK UGM'!E44 -> 200 | E43: ='RAB GIK UGM'!F44 -> 7500 | F43: =ROUND(E43,2) -> 7500 | G43: 11 | H43: =(C43*F43)*G43/100 -> 165000 | I43: =(C43*F43)+H43 -> 1665000 | K43: FALSE | L43: =('RAB GIK UGM'!G44*1.11)-I43 -> 0
A44: Sepatu Keselamatan (Safety Shoes, rubber safety shoes and toe cap) | B44: psg | C44: 300 | D44: ='RAB GIK UGM'!E45 -> 300 | E44: ='RAB GIK UGM'!F45 -> 130000 | F44: =ROUND(E44,2) -> 130000 | G44: 11 | H44: =(C44*F44)*G44/100 -> 4290000 | I44: =(C44*F44)+H44 -> 43290000 | K44: FALSE | L44: =('RAB GIK UGM'!G45*1.11)-I44 -> 0
A45: Penunjang Seluruh Tubuh (Full Body Harness) | B45: bh | C45: 100 | D45: ='RAB GIK UGM'!E46 -> 100 | E45: ='RAB GIK UGM'!F46 -> 1050000 | F45: =ROUND(E45,2) -> 1050000 | G45: 11 | H45: =(C45*F45)*G45/100 -> 11550000 | I45: =(C45*F45)+H45 -> 116550000 | K45: FALSE | L45: =('RAB GIK UGM'!G46*1.11)-I45 -> 0
A46: Rompi Keselamatan (Safety Vest) | B46: bh | C46: 300 | D46: ='RAB GIK UGM'!E47 -> 300 | E46: ='RAB GIK UGM'!F47 -> 30000 | F46: =ROUND(E46,2) -> 30000 | G46: 11 | H46: =(C46*F46)*G46/100 -> 990000 | I46: =(C46*F46)+H46 -> 9990000 | K46: FALSE | L46: =('RAB GIK UGM'!G47*1.11)-I46 -> 0
A47: Celemek (Apron\/Coveralls) | B47: bh | C47: 100 | D47: ='RAB GIK UGM'!E48 -> 100 | E47: ='RAB GIK UGM'!F48 -> 100000 | F47: =ROUND(E47,2) -> 100000 | G47: 11 | H47: =(C47*F47)*G47/100 -> 1100000 | I47: =(C47*F47)+H47 -> 11100000 | K47: FALSE | L47: =('RAB GIK UGM'!G48*1.11)-I47 -> 0
A48: Pelindung Jatuh (Fall Arrester) | B48: bh | C48: 50 | D48: ='RAB GIK UGM'!E49 -> 50 | E48: ='RAB GIK UGM'!F49 -> 425000 | F48: =ROUND(E48,2) -> 425000 | G48: 11 | H48: =(C48*F48)*G48/100 -> 2337500 | I48: =(C48*F48)+H48 -> 23587500 | K48: FALSE | L48: =('RAB GIK UGM'!G49*1.11)-I48 -> 0
A49: Asuransi dan perizinan | C49: 0 | D49: ='RAB GIK UGM'!E50 -> 0 | E49: ='RAB GIK UGM'!F50 -> 0 | F49: =ROUND(E49,2) -> 0 | G49: 0 | H49: =(C49*F49)*G49/100 -> 0 | I49: =(C49*F49)+H49 -> 0 | K49: FALSE | L49: =('RAB GIK UGM'!G50*1.11)-I49 -> 0
A50: Asuransi (Construction All Risk \/CAR) | B50: proyek | C50: 1 | D50: ='RAB GIK UGM'!E51 -> 1 | E50: ='RAB GIK UGM'!F51 -> 2.3982884e+08 | F50: =ROUND(E50,2) -> 2.3982884e+08 | G50: 11 | H50: =(C50*F50)*G50/100 -> 26381173 | I50: =(C50*F50)+H50 -> 2.6621001e+08 | K50: FALSE | L50: =('RAB GIK UGM'!G51*1.11)-I50 -> 0
A51: Uji riksa Alat berat | B51: alat\/kend | C51: 4 | D51: ='RAB GIK UGM'!E52 -> 4 | E51: ='RAB GIK UGM'!F52 -> 1600000 | F51: =ROUND(E51,2) -> 1600000 | G51: 11 | H51: =(C51*F51)*G51/100 -> 704000 | I51: =(C51*F51)+H51 -> 7104000 | K51: FALSE | L51: =('RAB GIK UGM'!G52*1.11)-I51 -> 0
A52: Personel Keselamatan Konstruksi | C52: 0 | D52: ='RAB GIK UGM'!E53 -> 0 | E52: ='RAB GIK UGM'!F53 -> 0 | F52: =ROUND(E52,2) -> 0 | G52: 0 | H52: =(C52*F52)*G52/100 -> 0 | I52: =(C52*F52)+H52 -> 0 | K52: FALSE | L52: =('RAB GIK UGM'!G53*1.11)-I52 -> 0
A53: Petugas Keselamatan Konstruksi, Petugas K3 Konstruksi | B53: OB | C53: 12 | D53: ='RAB GIK UGM'!E54 -> 12 | E53: ='RAB GIK UGM'!F54 -> 2200000 | F53: =ROUND(E53,2) -> 2200000 | G53: 11 | H53: =(C53*F53)*G53/100 -> 2904000 | I53: =(C53*F53)+H53 -> 29304000 | K53: FALSE | L53: =('RAB GIK UGM'!G54*1.11)-I53 -> 0
A54: Petugas Tanggap darurat\/Petugas pemadam kebakaran | B54: OB | C54: 12 | D54: ='RAB GIK UGM'!E55 -> 12 | E54: ='RAB GIK UGM'!F55 -> 2200000 | F54: =ROUND(E54,2) -> 2200000 | G54: 11 | H54: =(C54*F54)*G54/100 -> 2904000 | I54: =(C54*F54)+H54 -> 29304000 | K54: FALSE | L54: =('RAB GIK UGM'!G55*1.11)-I54 -> 0
A55: Petugas P3K | B55: OB | C55: 12 | D55: ='RAB GIK UGM'!E56 -> 12 | E55: ='RAB GIK UGM'!F56 -> 3000000 | F55: =ROUND(E55,2) -> 3000000 | G55: 11 | H55: =(C55*F55)*G55/100 -> 3960000 | I55: =(C55*F55)+H55 -> 39960000 | K55: FALSE | L55: =('RAB GIK UGM'!G56*1.11)-I55 -> 0
A56: Tenaga medis dan\/atau kesehatan (Dokter atau Paramedis) | B56: OB | C56: 12 | D56: ='RAB GIK UGM'!E57 -> 12 | E56: ='RAB GIK UGM'!F57 -> 4000000 | F56: =ROUND(E56,2) -> 4000000 | G56: 11 | H56: =(C56*F56)*G56/100 -> 5280000 | I56: =(C56*F56)+H56 -> 53280000 | K56: FALSE | L56: =('RAB GIK UGM'!G57*1.11)-I56 -> 0
A57: Petugas pengatur lalu lintas | B57: OB | C57: 12 | D57: ='RAB GIK UGM'!E58 -> 12 | E57: ='RAB GIK UGM'!F58 -> 2200000 | F57: =ROUND(E57,2) -> 2200000 | G57: 11 | H57: =(C57*F57)*G57/100 -> 2904000 | I57: =(C57*F57)+H57 -> 29304000 | K57: FALSE | L57: =('RAB GIK UGM'!G58*1.11)-I57 -> 0
A58: Fasilitas, sarana dan prasarana kesehatan | C58: 0 | D58: ='RAB GIK UGM'!E59 -> 0 | E58: ='RAB GIK UGM'!F59 -> 0 | F58: =ROUND(E58,2) -> 0 | G58: 0 | H58: =(C58*F58)*G58/100 -> 0 | I58: =(C58*F58)+H58 -> 0 | K58: FALSE | L58: =('RAB GIK UGM'!G59*1.11)-I58 -> 0
A59: Peralatan P3K | B59: set | C59: 1 | D59: ='RAB GIK UGM'!E60 -> 1 | E59: ='RAB GIK UGM'!F60 -> 7500000 | F59: =ROUND(E59,2) -> 7500000 | G59: 11 | H59: =(C59*F59)*G59/100 -> 825000 | I59: =(C59*F59)+H59 -> 8325000 | K59: FALSE | L59: =('RAB GIK UGM'!G60*1.11)-I59 -> 0
A60: Ruang P3K | B60: set | C60: 1 | D60: ='RAB GIK UGM'!E61 -> 1 | E60: ='RAB GIK UGM'!F61 -> 4000000 | F60: =ROUND(E60,2) -> 4000000 | G60: 11 | H60: =(C60*F60)*G60/100 -> 440000 | I60: =(C60*F60)+H60 -> 4440000 | K60: FALSE | L60: =('RAB GIK UGM'!G61*1.11)-I60 -> 0
A61: Peralatan pengasapan (obat dan mesin fogging) | B61: Unit | C61: 10 | D61: ='RAB GIK UGM'!E62 -> 10 | E61: ='RAB GIK UGM'!F62 -> 850000 | F61: =ROUND(E61,2) -> 850000 | G61: 11 | H61: =(C61*F61)*G61/100 -> 935000 | I61: =(C61*F61)+H61 -> 9435000 | K61: FALSE | L61: =('RAB GIK UGM'!G62*1.11)-I61 -> 0
A62: Ambulans (sewa) | B62: Unit | C62: 1 | D62: ='RAB GIK UGM'!E63 -> 1 | E62: ='RAB GIK UGM'!F63 -> 16200000 | F62: =ROUND(E62,2) -> 16200000 | G62: 11 | H62: =(C62*F62)*G62/100 -> 1782000 | I62: =(C62*F62)+H62 -> 17982000 | K62: FALSE | L62: =('RAB GIK UGM'!G63*1.11)-I62 -> 0
A63: Rambu dan Perlengkapan lalu lintas yang diperlukan atau manajemen lalu lintas | C63: 0 | D63: ='RAB GIK UGM'!E64 -> 0 | E63: ='RAB GIK UGM'!F64 -> 0 | F63: =ROUND(E63,2) -> 0 | G63: 0 | H63: =(C63*F63)*G63/100 -> 0 | I63: =(C63*F63)+H63 -> 0 | K63: FALSE | L63: =('RAB GIK UGM'!G64*1.11)-I63 -> 0
A64: Rambu petunjuk | B64: bh | C64: 3 | D64: ='RAB GIK UGM'!E65 -> 3 | E64: ='RAB GIK UGM'!F65 -> 125000 | F64: =ROUND(E64,2) -> 125000 | G64: 11 | H64: =(C64*F64)*G64/100 -> 41250 | I64: =(C64*F64)+H64 -> 416250 | K64: FALSE | L64: =('RAB GIK UGM'!G65*1.11)-I64 -> 0
A65: Rambu larangan | B65: bh | C65: 3 | D65: ='RAB GIK UGM'!E66 -> 3 | E65: ='RAB GIK UGM'!F66 -> 125000 | F65: =ROUND(E65,2) -> 125000 | G65: 11 | H65: =(C65*F65)*G65/100 -> 41250 | I65: =(C65*F65)+H65 -> 416250 | K65: FALSE | L65: =('RAB GIK UGM'!G66*1.11)-I65 -> 0
A66: Rambu peringatan | B66: bh | C66: 3 | D66: ='RAB GIK UGM'!E67 -> 3 | E66: ='RAB GIK UGM'!F67 -> 125000 | F66: =ROUND(E66,2) -> 125000 | G66: 11 | H66: =(C66*F66)*G66/100 -> 41250 | I66: =(C66*F66)+H66 -> 416250 | K66: FALSE | L66: =('RAB GIK UGM'!G67*1.11)-I66 -> 0
A67: Rambu kewajiban | B67: bh | C67: 3 | D67: ='RAB GIK UGM'!E68 -> 3 | E67: ='RAB GIK UGM'!F68 -> 125000 | F67: =ROUND(E67,2) -> 125000 | G67: 11 | H67: =(C67*F67)*G67/100 -> 41250 | I67: =(C67*F67)+H67 -> 416250 | K67: FALSE | L67: =('RAB GIK UGM'!G68*1.11)-I67 -> 0
A68: Rambu informasi | B68: bh | C68: 3 | D68: ='RAB GIK UGM'!E69 -> 3 | E68: ='RAB GIK UGM'!F69 -> 125000 | F68: =ROUND(E68,2) -> 125000 | G68: 11 | H68: =(C68*F68)*G68/100 -> 41250 | I68: =(C68*F68)+H68 -> 416250 | K68: FALSE | L68: =('RAB GIK UGM'!G69*1.11)-I68 -> 0
A69: Rambu pekerjaan sementara | B69: bh | C69: 3 | D69: ='RAB GIK UGM'!E70 -> 3 | E69: ='RAB GIK UGM'!F70 -> 125000 | F69: =ROUND(E69,2) -> 125000 | G69: 11 | H69: =(C69*F69)*G69/100 -> 41250 | I69: =(C69*F69)+H69 -> 416250 | K69: FALSE | L69: =('RAB GIK UGM'!G70*1.11)-I69 -> 0
A70: Jalur Evakuasi (Petunjuk Escape Route) | B70: bh | C70: 9 | D70: ='RAB GIK UGM'!E71 -> 9 | E70: ='RAB GIK UGM'!F71 -> 55000 | F70: =ROUND(E70,2) -> 55000 | G70: 11 | H70: =(C70*F70)*G70/100 -> 54450 | I70: =(C70*F70)+H70 -> 549450 | K70: FALSE | L70: =('RAB GIK UGM'!G71*1.11)-I70 -> 0
A71: Kerucut lalu lintas (Traffic Cone) | B71: bh | C71: 20 | D71: ='RAB GIK UGM'!E72 -> 20 | E71: ='RAB GIK UGM'!F72 -> 300000 | F71: =ROUND(E71,2) -> 300000 | G71: 11 | H71: =(C71*F71)*G71/100 -> 660000 | I71: =(C71*F71)+H71 -> 6660000 | K71: FALSE | L71: =('RAB GIK UGM'!G72*1.11)-I71 -> 0
A72: Lampu putar (Rotary Lamp) | B72: bh | C72: 20 | D72: ='RAB GIK UGM'!E73 -> 20 | E72: ='RAB GIK UGM'!F73 -> 750000 | F72: =ROUND(E72,2) -> 750000 | G72: 11 | H72: =(C72*F72)*G72/100 -> 1650000 | I72: =(C72*F72)+H72 -> 16650000 | K72: FALSE | L72: =('RAB GIK UGM'!G73*1.11)-I72 -> 0
A73: Pembatas Jalan (water barrier) | B73: m | C73: 20 | D73: ='RAB GIK UGM'!E74 -> 20 | E73: ='RAB GIK UGM'!F74 -> 1000000 | F73: =ROUND(E73,2) -> 1000000 | G73: 11 | H73: =(C73*F73)*G73/100 -> 2200000 | I73: =(C73*F73)+H73 -> 22200000 | K73: FALSE | L73: =('RAB GIK UGM'!G74*1.11)-I73 -> 0
A74: Lampu\/alat penerangan sementara | B74: bh | C74: 20 | D74: ='RAB GIK UGM'!E75 -> 20 | E74: ='RAB GIK UGM'!F75 -> 1400000 | F74: =ROUND(E74,2) -> 1400000 | G74: 11 | H74: =(C74*F74)*G74/100 -> 3080000 | I74: =(C74*F74)+H74 -> 31080000 | K74: FALSE | L74: =('RAB GIK UGM'!G75*1.11)-I74 -> 0
A75: Konsultasi dengan Ahli terkait Keselamatan Konstruksi | C75: 0 | D75: ='RAB GIK UGM'!E76 -> 0 | E75: ='RAB GIK UGM'!F76 -> 0 | F75: =ROUND(E75,2) -> 0 | G75: 0 | H75: =(C75*F75)*G75/100 -> 0 | I75: =(C75*F75)+H75 -> 0 | K75: FALSE | L75: =('RAB GIK UGM'!G76*1.11)-I75 -> 0
A76: Ahli Mekanikal (Madya) | B76: OJ | C76: 12 | D76: ='RAB GIK UGM'!E77 -> 12 | E76: ='RAB GIK UGM'!F77 -> 2000000 | F76: =ROUND(E76,2) -> 2000000 | G76: 11 | H76: =(C76*F76)*G76/100 -> 2640000 | I76: =(C76*F76)+H76 -> 26640000 | K76: FALSE | L76: =('RAB GIK UGM'!G77*1.11)-I76 -> 0
A77: Ahli Elektrikal (Madya) | B77: OJ | C77: 12 | D77: ='RAB GIK UGM'!E78 -> 12 | E77: ='RAB GIK UGM'!F78 -> 2000000 | F77: =ROUND(E77,2) -> 2000000 | G77: 11 | H77: =(C77*F77)*G77/100 -> 2640000 | I77: =(C77*F77)+H77 -> 26640000 | K77: FALSE | L77: =('RAB GIK UGM'!G78*1.11)-I77 -> 0
A78: Kegiatan dan peralatan terkait Pengendalian Risiko Keselamatan Konstruksi | C78: 0 | D78: ='RAB GIK UGM'!E79 -> 0 | E78: ='RAB GIK UGM'!F79 -> 0 | F78: =ROUND(E78,2) -> 0 | G78: 0 | H78: =(C78*F78)*G78/100 -> 0 | I78: =(C78*F78)+H78 -> 0 | K78: FALSE | L78: =('RAB GIK UGM'!G79*1.11)-I78 -> 0
A79: Alat Pemadam Api Portable (APAP) | B79: bh | C79: 4 | D79: ='RAB GIK UGM'!E80 -> 4 | E79: ='RAB GIK UGM'!F80 -> 1100000 | F79: =ROUND(E79,2) -> 1100000 | G79: 11 | H79: =(C79*F79)*G79/100 -> 484000 | I79: =(C79*F79)+H79 -> 4884000 | K79: FALSE | L79: =('RAB GIK UGM'!G80*1.11)-I79 -> 0
A80: Bendera K3 | B80: bh | C80: 1 | D80: ='RAB GIK UGM'!E81 -> 1 | E80: ='RAB GIK UGM'!F81 -> 180000 | F80: =ROUND(E80,2) -> 180000 | G80: 11 | H80: =(C80*F80)*G80/100 -> 19800 | I80: =(C80*F80)+H80 -> 199800 | K80: FALSE | L80: =('RAB GIK UGM'!G81*1.11)-I80 -> 0
A81: Pembuatan Kartu Identitas Pekerja (KIP) | B81: bh | C81: 50 | D81: ='RAB GIK UGM'!E82 -> 50 | E81: ='RAB GIK UGM'!F82 -> 7500 | F81: =ROUND(E81,2) -> 7500 | G81: 11 | H81: =(C81*F81)*G81/100 -> 41250 | I81: =(C81*F81)+H81 -> 416250 | K81: FALSE | L81: =('RAB GIK UGM'!G82*1.11)-I81 -> 0
A82: Lampu darurat (Emergency Lamp) | B82: bh | C82: 3 | D82: ='RAB GIK UGM'!E83 -> 3 | E82: ='RAB GIK UGM'!F83 -> 750000 | F82: =ROUND(E82,2) -> 750000 | G82: 11 | H82: =(C82*F82)*G82/100 -> 247500 | I82: =(C82*F82)+H82 -> 2497500 | K82: FALSE | L82: =('RAB GIK UGM'!G83*1.11)-I82 -> 0
A83: Pemeriksaan lingkungan\/uji sampling antara lain - pengujian kualitas air, - udara, - kebisingan, - getaran, - limbah B3, - pencahayaan | B83: titik lokasi | C83: 7 | D83: ='RAB GIK UGM'!E84 -> 7 | E83: ='RAB GIK UGM'!F84 -> 13500000 | F83: =ROUND(E83,2) -> 13500000 | G83: 11 | H83: =(C83*F83)*G83/100 -> 10395000 | I83: =(C83*F83)+H83 -> 104895000 | K83: FALSE | L83: =('RAB GIK UGM'!G84*1.11)-I83 -> 0
A84: Audit eksternal | B84: periode | C84: 2 | D84: ='RAB GIK UGM'!E85 -> 2 | E84: ='RAB GIK UGM'!F85 -> 250000 | F84: =ROUND(E84,2) -> 250000 | G84: 11 | H84: =(C84*F84)*G84/100 -> 55000 | I84: =(C84*F84)+H84 -> 555000 | K84: FALSE | L84: =('RAB GIK UGM'!G85*1.11)-I84 -> 0
A85: CCTV + alat pendukung sistem terpasang lengkap (sewa) | B85: unit | C85: 5 | D85: ='RAB GIK UGM'!E86 -> 5 | E85: ='RAB GIK UGM'!F86 -> 2250000 | F85: =ROUND(E85,2) -> 2250000 | G85: 11 | H85: =(C85*F85)*G85/100 -> 1237500 | I85: =(C85*F85)+H85 -> 12487500 | K85: FALSE | L85: =('RAB GIK UGM'!G86*1.11)-I85 -> 0
A86: MATA PEMBAYARAN PEKERJAAN UTAMA | C86: 0 | D86: ='RAB GIK UGM'!E87 -> 0 | E86: ='RAB GIK UGM'!F87 -> 0 | F86: =ROUND(E86,2) -> 0 | G86: 0 | H86: =(C86*F86)*G86/100 -> 0 | I86: =(C86*F86)+H86 -> 0 | K86: FALSE | L86: =('RAB GIK UGM'!G87*1.11)-I86 -> 0
A87: PEKERJAAN STRUKTUR | C87: 0 | D87: ='RAB GIK UGM'!E88 -> 0 | E87: ='RAB GIK UGM'!F88 -> 0 | F87: =ROUND(E87,2) -> 0 | G87: 0 | H87: =(C87*F87)*G87/100 -> 0 | I87: =(C87*F87)+H87 -> 0 | K87: FALSE | L87: =('RAB GIK UGM'!G88*1.11)-I87 -> 0
A88: ZONA D | C88: 0 | D88: ='RAB GIK UGM'!E89 -> 0 | E88: ='RAB GIK UGM'!F89 -> 0 | F88: =ROUND(E88,2) -> 0 | G88: 0 | H88: =(C88*F88)*G88/100 -> 0 | I88: =(C88*F88)+H88 -> 0 | K88: FALSE | L88: =('RAB GIK UGM'!G89*1.11)-I88 -> 0
A89: RETAIL ROOF ZONA D | C89: 0 | D89: ='RAB GIK UGM'!E90 -> 0 | E89: ='RAB GIK UGM'!F90 -> 0 | F89: =ROUND(E89,2) -> 0 | G89: 0 | H89: =(C89*F89)*G89/100 -> 0 | I89: =(C89*F89)+H89 -> 0 | K89: FALSE | L89: =('RAB GIK UGM'!G90*1.11)-I89 -> 0
A90: Pembuatan 1 kg baja profil WF 400.200.8.13 (Termasuk Pengelasan, Perakitan, Zinchromate & Cat Finish Anti Karat) | B90: kg | C90: 7658.11 | D90: ='RAB GIK UGM'!E91 -> 7658.11 | E90: ='RAB GIK UGM'!F91 -> 29031 | F90: =ROUND(E90,2) -> 29031 | G90: 11 | H90: =(C90*F90)*G90/100 -> 24455485 | I90: =(C90*F90)+H90 -> 2.4677808e+08 | K90: FALSE | L90: =('RAB GIK UGM'!G91*1.11)-I90 -> 0
A91: Pembuatan 1 kg baja profil WF 300.150.6.5.9 (Termasuk Pengelasan, Perakitan, Zinchromate & Cat Finish Anti Karat) | B91: kg | C91: 575.24 | D91: ='RAB GIK UGM'!E92 -> 575.24 | E91: ='RAB GIK UGM'!F92 -> 29031 | F91: =ROUND(E91,2) -> 29031 | G91: 11 | H91: =(C91*F91)*G91/100 -> 1836977.2 | I91: =(C91*F91)+H91 -> 18536770 | K91: FALSE | L91: =('RAB GIK UGM'!G92*1.11)-I91 -> 0
A92: Pembuatan 1 kg baja profil CNP 200.75.20.3,2 (Termasuk Pengelasan, Perakitan, Zinchromate & Cat Finish Anti Karat) | B92: kg | C92: 2988.79 | D92: ='RAB GIK UGM'!E93 -> 2988.79 | E92: ='RAB GIK UGM'!F93 -> 29031 | F92: =ROUND(E92,2) -> 29031 | G92: 11 | H92: =(C92*F92)*G92/100 -> 9544431.9 | I92: =(C92*F92)+H92 -> 96311994 | K92: FALSE | L92: =('RAB GIK UGM'!G93*1.11)-I92 -> 0
A93: Sagrod 12 mm | B93: kg | C93: 440.38 | D93: ='RAB GIK UGM'!E94 -> 440.38 | E93: ='RAB GIK UGM'!F94 -> 14237 | F93: =ROUND(E93,2) -> 14237 | G93: 11 | H93: =(C93*F93)*G93/100 -> 689665.91 | I93: =(C93*F93)+H93 -> 6959356 | K93: FALSE | L93: =('RAB GIK UGM'!G94*1.11)-I93 -> 0
A94: Plat 20 mm | B94: kg | C94: 20.89 | D94: ='RAB GIK UGM'!E95 -> 20.89 | E94: ='RAB GIK UGM'!F95 -> 29031 | F94: =ROUND(E94,2) -> 29031 | G94: 11 | H94: =(C94*F94)*G94/100 -> 66710.335 | I94: =(C94*F94)+H94 -> 673167.92 | K94: FALSE | L94: =('RAB GIK UGM'!G95*1.11)-I94 -> 0
A95: Plat 24mm | B95: kg | C95: 942.59 | D95: ='RAB GIK UGM'!E96 -> 942.59 | E95: ='RAB GIK UGM'!F96 -> 29031 | F95: =ROUND(E95,2) -> 29031 | G95: 11 | H95: =(C95*F95)*G95/100 -> 3010076.3 | I95: =(C95*F95)+H95 -> 30374407 | K95: FALSE | L95: =('RAB GIK UGM'!G96*1.11)-I95 -> 0
A96: Plat 12mm | B96: kg | C96: 314.2 | D96: ='RAB GIK UGM'!E97 -> 314.2 | E96: ='RAB GIK UGM'!F97 -> 29031 | F96: =ROUND(E96,2) -> 29031 | G96: 11 | H96: =(C96*F96)*G96/100 -> 1003369.4 | I96: =(C96*F96)+H96 -> 10124910 | K96: FALSE | L96: =('RAB GIK UGM'!G97*1.11)-I96 -> 0
A97: Chemical Anchor 25 mm (termasuk 2 mur & 2 ring) | B97: titik | C97: 48 | D97: ='RAB GIK UGM'!E98 -> 48 | E97: ='RAB GIK UGM'!F98 -> 425000 | F97: =ROUND(E97,2) -> 425000 | G97: 11 | H97: =(C97*F97)*G97/100 -> 2244000 | I97: =(C97*F97)+H97 -> 22644000 | K97: FALSE | L97: =('RAB GIK UGM'!G98*1.11)-I97 -> 0
A98: Baut HTB M16 | B98: bh | C98: 120 | D98: ='RAB GIK UGM'!E99 -> 120 | E98: ='RAB GIK UGM'!F99 -> 13500 | F98: =ROUND(E98,2) -> 13500 | G98: 11 | H98: =(C98*F98)*G98/100 -> 178200 | I98: =(C98*F98)+H98 -> 1798200 | K98: FALSE | L98: =('RAB GIK UGM'!G99*1.11)-I98 -> 0
A99: Baut HTB M12 | B99: bh | C99: 108 | D99: ='RAB GIK UGM'!E100 -> 108 | E99: ='RAB GIK UGM'!F100 -> 9500 | F99: =ROUND(E99,2) -> 9500 | G99: 11 | H99: =(C99*F99)*G99/100 -> 112860 | I99: =(C99*F99)+H99 -> 1138860 | K99: FALSE | L99: =('RAB GIK UGM'!G100*1.11)-I99 -> 0
A100: Penutup Lantai | B100: m2 | C100: 172.06 | D100: ='RAB GIK UGM'!E101 -> 172.06 | E100: ='RAB GIK UGM'!F101 -> 342773 | F100: =ROUND(E100,2) -> 342773 | G100: 11 | H100: =(C100*F100)*G100/100 -> 6487527.5 | I100: =(C100*F100)+H100 -> 65465050 | K100: FALSE | L100: =('RAB GIK UGM'!G101*1.11)-I100 -> 0
A101: Talang | B101: m1 | C101: 70.94 | D101: ='RAB GIK UGM'!E102 -> 70.94 | E101: ='RAB GIK UGM'!F102 -> 185493 | F101: =ROUND(E101,2) -> 185493 | G101: 11 | H101: =(C101*F101)*G101/100 -> 1447476.1 | I101: =(C101*F101)+H101 -> 14606349 | K101: FALSE | L101: =('RAB GIK UGM'!G102*1.11)-I101 -> 0
A102: RIGGING AUDITORIUM KECIL ZONA D | C102: 0 | D102: ='RAB GIK UGM'!E103 -> 0 | E102: ='RAB GIK UGM'!F103 -> 0 | F102: =ROUND(E102,2) -> 0 | G102: 0 | H102: =(C102*F102)*G102/100 -> 0 | I102: =(C102*F102)+H102 -> 0 | K102: FALSE | L102: =('RAB GIK UGM'!G103*1.11)-I102 -> 0
...
